pos_x, pos_y, pos_theta, stamp, 
8.881784197001252e-15, -1.0658141036401503e-14, -2.7542903585420045e-11, 1701296864548487744, 
8.881784197001252e-15, -1.0658141036401503e-14, -2.768520926682556e-11, 1701296864597800120, 
8.881784197001252e-15, -1.0658141036401503e-14, -2.7889550393634518e-11, 1701296864648698549, 
8.881784197001252e-15, -1.0658141036401503e-14, -2.8202189091401972e-11, 1701296864688038162, 
8.881784197001252e-15, -1.0658141036401503e-14, -2.8317105782233536e-11, 1701296864757659921, 
8.881784197001252e-15, -1.0658141036401503e-14, -2.8299794155474483e-11, 1701296864808697084, 
8.881784197001252e-15, -1.0658141036401503e-14, -2.821776644815588e-11, 1701296864899459311, 
8.881784197001252e-15, -1.0658141036401503e-14, -2.8212240767040678e-11, 1701296864997655725, 
8.881784197001252e-15, -1.0658141036401503e-14, -2.8212240767040678e-11, 1701296865088097017, 
8.881784197001252e-15, -1.0658141036401503e-14, -2.8269084169860994e-11, 1701296865208605544, 
8.881784197001252e-15, -1.0658141036401503e-14, -2.8269084169860994e-11, 1701296865299711793, 
8.881784197001252e-15, -1.0658141036401503e-14, -2.8269084169860994e-11, 1701296865488008730, 
8.881784197001252e-15, -1.0658141036401503e-14, -2.8212240767040678e-11, 1701296865608469615, 
8.881784197001252e-15, -1.0658141036401503e-14, -2.8212240767040678e-11, 1701296865698772847, 
8.881784197001252e-15, -1.0658141036401503e-14, -2.8212240767040678e-11, 1701296865798579835, 
8.881784197001252e-15, -1.0658141036401503e-14, -2.8197981834112885e-11, 1701296865907929991, 
8.881784197001252e-15, -1.0658141036401503e-14, -2.8197981834112885e-11, 1701296866008482696, 
8.881784197001252e-15, -1.0658141036401503e-14, -2.8197981834112885e-11, 1701296866098494102, 
8.881784197001252e-15, -1.0658141036401503e-14, -2.8197981834112885e-11, 1701296866197467452, 
8.881784197001252e-15, -1.0658141036401503e-14, -2.8197981834112885e-11, 1701296866288465140, 
8.881784197001252e-15, -1.0658141036401503e-14, -2.8197981834112885e-11, 1701296866408573521, 
8.881784197001252e-15, -1.0658141036401503e-14, -2.8197981834112885e-11, 1701296866497925303, 
8.881784197001252e-15, -1.0658141036401503e-14, -2.8197981834112885e-11, 1701296866548535779, 
8.881784197001252e-15, -1.0658141036401503e-14, -2.8197981834112885e-11, 1701296866848688579, 
8.881784197001252e-15, -1.0658141036401503e-14, -2.8197981834112885e-11, 1701296867208555633, 
8.881784197001252e-15, -1.0658141036401503e-14, -2.8197981834112885e-11, 1701296867298479852, 
8.881784197001252e-15, -1.0658141036401503e-14, -2.8197981834112885e-11, 1701296867398822820, 
0.0006208902923390269, -0.00018096542044077069, 0.005888929822074471, 1701296867489492101, 
0.011391999199986458, 0.00012398439866956323, 0.039093429384843704, 1701296867608713210, 
0.020671997219324112, 0.0008154648239724338, 0.06656942559656343, 1701296867697837612, 
0.030410027131438255, 0.0014011921593919396, 0.09447145898294601, 1701296867798764262, 
0.03912470489740372, 0.002125721424818039, 0.12359109961040263, 1701296867889684363, 
0.05029118433594704, 0.003826929023489356, 0.16216345161889192, 1701296868008603378, 
0.058824773877859116, 0.005232528317719698, 0.18966427121383786, 1701296868098653543, 
0.06785795837640762, 0.007164437789469957, 0.22064078068290718, 1701296868199037184, 
0.07645828276872635, 0.009151678532361984, 0.24433386382137443, 1701296868289092972, 
0.08724269270896912, 0.011935444548726082, 0.27116389874283314, 1701296868403146542, 
0.09625101834535599, 0.01463642343878746, 0.2882476450729128, 1701296868500985682, 
0.10043584555387497, 0.01589820720255375, 0.2939882168682603, 1701296868543883569, 
0.11399205029010773, 0.01966705732047558, 0.2747300571410262, 1701296868691401190, 
0.12439422309398651, 0.022441653534770012, 0.25260908135354804, 1701296868809112569, 
0.1329765021800995, 0.024082021787762642, 0.22492521057240075, 1701296868898075090, 
0.14170275628566742, 0.02563808485865593, 0.18052572623508417, 1701296868997989071, 
0.1517593413591385, 0.027007179334759712, 0.1359595988668451, 1701296869108340501, 
0.16072647273540497, 0.02827802486717701, 0.09585986772056235, 1701296869208365548, 
0.16922259330749512, 0.02847171202301979, 0.05834233926750837, 1701296869301847279, 
0.1777350902557373, 0.028564637526869774, 0.018903849243986144, 1701296869393371749, 
0.1877356618642807, 0.028612639755010605, -0.028505058838565446, 1701296869503371986, 
0.19670873880386353, 0.028161320835351944, -0.07467273738689487, 1701296869603525822, 
0.20598343014717102, 0.02709939517080784, -0.11917606000763792, 1701296869703671014, 
0.21441815793514252, 0.02588629722595215, -0.1630749313955808, 1701296869798133761, 
0.22284092009067535, 0.02429516240954399, -0.20810179147820315, 1701296869903252409, 
0.22465793788433075, 0.024114733561873436, -0.24031642378100077, 1701296870004610634, 
0.22479665279388428, 0.024209830909967422, -0.24152713710246856, 1701296870103676095, 
0.22519728541374207, 0.024035481736063957, -0.24248542833557657, 1701296870193054292, 
0.23323766887187958, 0.0215542484074831, -0.2646391424269314, 1701296870293599267, 
0.2440965473651886, 0.017879687249660492, -0.28631815703924995, 1701296870403852781, 
0.2522619068622589, 0.015523899346590042, -0.29425258591805825, 1701296870503492263, 
0.2599283754825592, 0.01266435720026493, -0.30035503949781023, 1701296870593620087, 
0.2687586843967438, 0.010082247667014599, -0.3012957346016597, 1701296870693559305, 
0.27864009141921997, 0.006872646044939756, -0.30412403788246817, 1701296870804694413, 
0.28736186027526855, 0.004100124817341566, -0.3042572879821449, 1701296870903483514, 
0.2957879602909088, 0.0013733815867453814, -0.3132021790965562, 1701296870993694522, 
0.30445900559425354, -0.002108623506501317, -0.3393750653210394, 1701296871093598254, 
0.31341552734375, -0.00604957714676857, -0.3629145475266511, 1701296871203577388, 
0.3212532699108124, -0.009534473530948162, -0.3835991881979897, 1701296871303489534, 
0.3285457193851471, -0.012836035341024399, -0.40079978784802117, 1701296871393698514, 
0.33748653531074524, -0.017236679792404175, -0.42116345556657886, 1701296871503549157, 
0.3459857702255249, -0.02138008177280426, -0.44435072569494094, 1701296871604742989, 
0.3534215986728668, -0.025286640971899033, -0.46765069967008693, 1701296871698502371, 
0.3611906170845032, -0.02975970320403576, -0.4885406528519038, 1701296871798663021, 
0.36947089433670044, -0.03491334244608879, -0.5104237886662002, 1701296871908654656, 
0.3766740560531616, -0.039310522377491, -0.5260753687760786, 1701296872004688991, 
0.38357698917388916, -0.044055771082639694, -0.5433991516967258, 1701296872098510523, 
0.3913235068321228, -0.049110665917396545, -0.5618655148880898, 1701296872198726933, 
0.39958810806274414, -0.05469381809234619, -0.5771524913838422, 1701296872308638112, 
0.4067343473434448, -0.05966348946094513, -0.5881817877605164, 1701296872403846814, 
0.41320669651031494, -0.06470736861228943, -0.6007893241355187, 1701296872498738480, 
0.42011672258377075, -0.07019927352666855, -0.6179762652990763, 1701296872599728285, 
0.4263492524623871, -0.07514742016792297, -0.6332459415967533, 1701296872688569724, 
0.43421489000320435, -0.0816924124956131, -0.6448740671767353, 1701296872805690311, 
0.44081419706344604, -0.0870726928114891, -0.6543308454102286, 1701296872898531015, 
0.4479457139968872, -0.09277792274951935, -0.6637371294820815, 1701296872999741318, 
0.4542575478553772, -0.09786525368690491, -0.6683227822944657, 1701296873088818248, 
0.4620235860347748, -0.10474805533885956, -0.6762750035304277, 1701296873204869293, 
0.4685531258583069, -0.11035941541194916, -0.6813754332735369, 1701296873298523223, 
0.4754902422428131, -0.11608344316482544, -0.6856905639159165, 1701296873399574282, 
0.48181164264678955, -0.1213873103260994, -0.685905455947898, 1701296873488540445, 
0.4899553954601288, -0.12839597463607788, -0.6857648674298459, 1701296873605583351, 
0.4967910349369049, -0.134022057056427, -0.6862879472193205, 1701296873698550624, 
0.5042292475700378, -0.14006461203098297, -0.685499036793504, 1701296873799766839, 
0.5106064677238464, -0.14531831443309784, -0.6846436463352161, 1701296873888572800, 
0.519055962562561, -0.15233655273914337, -0.6839399054020343, 1701296874005884268, 
0.525709331035614, -0.15782465040683746, -0.6846121901712524, 1701296874098583121, 
0.5328741669654846, -0.16357359290122986, -0.6852543628322323, 1701296874196632339, 
0.5364113450050354, -0.16630427539348602, -0.6849632400429798, 1701296874246759222, 
0.5476776361465454, -0.1756388247013092, -0.6844958928328002, 1701296874406609927, 
0.5544962286949158, -0.18134805560112, -0.6843375461808272, 1701296874498532678, 
0.5614427924156189, -0.18708378076553345, -0.6839640055914251, 1701296874596610088, 
0.567918598651886, -0.19255615770816803, -0.6840713800568485, 1701296874688455940, 
0.5762130618095398, -0.1996133029460907, -0.6858949896577242, 1701296874805941390, 
0.5829066038131714, -0.20524077117443085, -0.6862105993495995, 1701296874897847355, 
0.5898222327232361, -0.21094998717308044, -0.6870060630073194, 1701296874996585954, 
0.5961931347846985, -0.21630039811134338, -0.6896587736095029, 1701296875088527492, 
0.6045116186141968, -0.22322049736976624, -0.6927158257853441, 1701296875206602029, 
0.6109578013420105, -0.22864027321338654, -0.6942706923642571, 1701296875299755979, 
0.617954432964325, -0.23456451296806335, -0.696193285718483, 1701296875397776769, 
0.624144971370697, -0.23982569575309753, -0.6958163635417312, 1701296875488574942, 
0.6325494647026062, -0.2469187080860138, -0.6881242301066719, 1701296875607626696, 
0.6391909718513489, -0.25219783186912537, -0.6824561273446057, 1701296875698550344, 
0.6462914347648621, -0.2579786777496338, -0.6772143221080459, 1701296875797700920, 
0.6530033349990845, -0.26320087909698486, -0.6728032755451935, 1701296875889237581, 
0.6616262197494507, -0.2698812186717987, -0.6638135508995888, 1701296876007708174, 
0.6683357954025269, -0.27492114901542664, -0.6563251366576138, 1701296876100548312, 
0.6755757927894592, -0.2805304229259491, -0.6495572881834348, 1701296876197599360, 
0.6823773384094238, -0.2857280969619751, -0.6430139051496486, 1701296876289307518, 
0.6915115714073181, -0.291974812746048, -0.6261964155472429, 1701296876407814136, 
0.6985781192779541, -0.2969474792480469, -0.6153181443345885, 1701296876500561327, 
0.7063871622085571, -0.3021056652069092, -0.6050196379245241, 1701296876597842788, 
0.713570237159729, -0.30701330304145813, -0.5950865243808205, 1701296876688397814, 
0.7232140898704529, -0.31338366866111755, -0.583097168426132, 1701296876807919656, 
0.7303314208984375, -0.3179331421852112, -0.574852622329039, 1701296876898691953, 
0.7383425235748291, -0.3228740096092224, -0.566348216123702, 1701296876997876662, 
0.7456579804420471, -0.3276030421257019, -0.5589561865586222, 1701296877088274333, 
0.7553973197937012, -0.3334904611110687, -0.5410817307455871, 1701296877208643700, 
0.7626835107803345, -0.3377143144607544, -0.5302439009694081, 1701296877299623840, 
0.7708234190940857, -0.34228819608688354, -0.5207664361854373, 1701296877398705035, 
0.7781251072883606, -0.3464515805244446, -0.5119752237885788, 1701296877488195851, 
0.788194477558136, -0.35200077295303345, -0.5022035676287612, 1701296877608738274, 
0.7956380844116211, -0.35598936676979065, -0.4959631074110731, 1701296877699662848, 
0.8037512302398682, -0.3602284789085388, -0.4864673063579356, 1701296877798736672, 
0.8114042282104492, -0.3641127347946167, -0.47673666149467414, 1701296877888294818, 
0.8216583728790283, -0.36899334192276, -0.4646840101140302, 1701296878008720231, 
0.8291097283363342, -0.372946172952652, -0.4589730996793526, 1701296878099634241, 
0.8375914692878723, -0.3771008849143982, -0.4512705171532776, 1701296878197871413, 
0.8455229997634888, -0.38067373633384705, -0.444468368214135, 1701296878288099931, 
0.85606849193573, -0.3855597674846649, -0.4357605346819147, 1701296878409642508, 
0.8639978170394897, -0.38899296522140503, -0.4311439906277524, 1701296878499717135, 
0.8726846575737, -0.3932743966579437, -0.43156696746008516, 1701296878597830007, 
0.880277693271637, -0.39693883061408997, -0.43685240945020476, 1701296878688299574, 
0.8899856209754944, -0.40157848596572876, -0.44733299155688533, 1701296878807950496, 
0.8972905874252319, -0.40520864725112915, -0.4561790009019558, 1701296878899815650, 
0.9057003259658813, -0.40937790274620056, -0.4643113333941301, 1701296878997890531, 
0.9131690859794617, -0.4131864607334137, -0.47163131917686074, 1701296879088347445, 
0.9230744242668152, -0.41847145557403564, -0.4831206575596482, 1701296879208961170, 
0.930185079574585, -0.42245054244995117, -0.49164087571326415, 1701296879300795419, 
0.938209056854248, -0.42705971002578735, -0.5026758540808913, 1701296879398768240, 
0.9455352425575256, -0.43137645721435547, -0.5159320624432024, 1701296879489256229, 
0.9547160267829895, -0.43707457184791565, -0.5315175897800393, 1701296879608796777, 
0.9616844654083252, -0.44128772616386414, -0.5415595769260503, 1701296879700639214, 
0.9693573117256165, -0.44608014822006226, -0.5529044507069455, 1701296879797896028, 
0.9763967990875244, -0.4507503807544708, -0.5632320834438374, 1701296879889322956, 
0.9857922196388245, -0.4568818211555481, -0.5731718043003494, 1701296880008850394, 
0.992923378944397, -0.46171534061431885, -0.5786145188293482, 1701296880098644065, 
1.000794768333435, -0.46669602394104004, -0.5835351090407457, 1701296880198739114, 
1.0079529285430908, -0.4713039994239807, -0.5800662751479138, 1701296880288179941, 
1.017478346824646, -0.47726526856422424, -0.5674378018334139, 1701296880409653685, 
1.024657964706421, -0.4814067482948303, -0.561081543840376, 1701296880498718684, 
1.0326849222183228, -0.48639988899230957, -0.5522078194408637, 1701296880598799684, 
1.0399463176727295, -0.490793913602829, -0.5431474209854968, 1701296880688897364, 
1.0497585535049438, -0.49643081426620483, -0.5295980577672357, 1701296880808829390, 
1.0571644306182861, -0.5005179643630981, -0.5216750156043043, 1701296880898772047, 
1.0653786659240723, -0.5051272511482239, -0.5111150386249168, 1701296880997836720, 
1.0730454921722412, -0.5094597935676575, -0.5072218342375292, 1701296881089460648, 
1.0828073024749756, -0.5148130059242249, -0.5121409674822502, 1701296881209695147, 
1.0898290872573853, -0.519189715385437, -0.5194976015550404, 1701296881298015552, 
1.097806453704834, -0.5238417387008667, -0.5285982050494703, 1701296881397876768, 
1.1050010919570923, -0.5281606316566467, -0.5363020022262139, 1701296881489251107, 
1.1143168210983276, -0.5341001152992249, -0.547175973974322, 1701296881609065404, 
1.1214429140090942, -0.5388277769088745, -0.5590931349985262, 1701296881698283912, 
1.1291500329971313, -0.5438790321350098, -0.575393111402585, 1701296881799579196, 
1.1360087394714355, -0.548389732837677, -0.5897345209046604, 1701296881889281596, 
1.1452890634536743, -0.5548173189163208, -0.6059162951384368, 1701296882009040631, 
1.1519166231155396, -0.5597106218338013, -0.6177791420132179, 1701296882098150222, 
1.1593620777130127, -0.5650805234909058, -0.6280993152839366, 1701296882198790326, 
1.1661731004714966, -0.5702206492424011, -0.6403881343350808, 1701296882290606396, 
1.1750539541244507, -0.5770933032035828, -0.6565984158337481, 1701296882409494277, 
1.18112051486969, -0.5823717713356018, -0.6664197697443099, 1701296882498389472, 
1.187951922416687, -0.5883492827415466, -0.6740854395323057, 1701296882598066954, 
1.1947319507598877, -0.5937127470970154, -0.6820218499423703, 1701296882690026617, 
1.2034245729446411, -0.6009683012962341, -0.6889097904112462, 1701296882809593237, 
1.2098164558410645, -0.6062795519828796, -0.693971275917868, 1701296882898688444, 
1.2165195941925049, -0.6121472120285034, -0.6985266693141972, 1701296882994697335, 
1.2235279083251953, -0.6181108951568604, -0.7030395857315045, 1701296883091847654, 
1.231588363647461, -0.6250013113021851, -0.7034384779533727, 1701296883205401275, 
1.2386583089828491, -0.6308650374412537, -0.7042073269877639, 1701296883303629726, 
1.2451947927474976, -0.6363701224327087, -0.7042897214947305, 1701296883394747094, 
1.252495527267456, -0.6425785422325134, -0.7168177597547344, 1701296883493665595, 
1.2603331804275513, -0.6497488617897034, -0.7256166906782398, 1701296883604810623, 
1.2673002481460571, -0.6562624573707581, -0.7334136091340774, 1701296883703632430, 
1.2734484672546387, -0.6620103716850281, -0.7417592563293243, 1701296883792836030, 
1.2801556587219238, -0.6683844327926636, -0.7510277867029099, 1701296883894709539, 
1.2877055406570435, -0.6753251552581787, -0.760731518011168, 1701296884003944561, 
1.2946953773498535, -0.6820251941680908, -0.7702534178787787, 1701296884103713039, 
1.3002090454101562, -0.6877542734146118, -0.7806619516177387, 1701296884193768651, 
1.3066396713256836, -0.6944243907928467, -0.7888746379969939, 1701296884294684803, 
1.3141239881515503, -0.7021161317825317, -0.7962241630309297, 1701296884410701851, 
1.3199491500854492, -0.7083028554916382, -0.8008639910798022, 1701296884498643872, 
1.3264635801315308, -0.7150208950042725, -0.8055120120690632, 1701296884598960081, 
1.333447813987732, -0.7225350737571716, -0.8081524573111715, 1701296884707968730, 
1.339970588684082, -0.7294650077819824, -0.810475765057248, 1701296884809754393, 
1.345839023590088, -0.735770583152771, -0.8116299582723546, 1701296884899646938, 
1.352260947227478, -0.7425940632820129, -0.8163592036994209, 1701296884999792495, 
1.3581048250198364, -0.7486773133277893, -0.8272285198714092, 1701296885089084788, 
1.3655332326889038, -0.757084846496582, -0.8361658864557611, 1701296885208919698, 
1.370790958404541, -0.7632896304130554, -0.8420034502908951, 1701296885299652784, 
1.3765054941177368, -0.7700343132019043, -0.8499018334697721, 1701296885398859695, 
1.3819310665130615, -0.7765160202980042, -0.8556426556469672, 1701296885489591310, 
1.3891477584838867, -0.7849035263061523, -0.8626464120810485, 1701296885610704710, 
1.3945081233978271, -0.791479766368866, -0.8649024116574707, 1701296885699698616, 
1.4003292322158813, -0.7986541986465454, -0.8697346352323276, 1701296885798804072, 
1.4051793813705444, -0.8052016496658325, -0.8741752415350972, 1701296885889726489, 
1.4117072820663452, -0.8134924173355103, -0.8827768764734459, 1701296886003849455, 
1.4172899723052979, -0.8205024600028992, -0.894648878547619, 1701296886099661630, 
1.422963261604309, -0.8278737664222717, -0.9062512171860679, 1701296886199733527, 
1.425402283668518, -0.8315325975418091, -0.9099989302649389, 1701296886245633199, 
1.4343255758285522, -0.8432313799858093, -0.9238116684226256, 1701296886404824055, 
1.439451813697815, -0.8503818511962891, -0.9317402585136807, 1701296886499678485, 
1.4447436332702637, -0.8579493761062622, -0.9409173544387031, 1701296886599788202, 
1.4495487213134766, -0.8648667335510254, -0.9466754166102008, 1701296886689066108, 
1.4553602933883667, -0.8734438419342041, -0.9529156563532901, 1701296886805618437, 
1.4601603746414185, -0.8808507323265076, -0.9583960363425216, 1701296886899741570, 
1.4629969596862793, -0.8845721483230591, -0.962581709551234, 1701296886949001743, 
1.4696799516677856, -0.8952357769012451, -0.969629720475737, 1701296887090551013, 
1.4757089614868164, -0.9043670892715454, -0.9770699370264739, 1701296887205917789, 
1.4804892539978027, -0.9118987321853638, -0.9852997962408867, 1701296887299117528, 
1.4852778911590576, -0.9195802807807922, -0.9951064809841527, 1701296887400174631, 
1.4893077611923218, -0.9264718294143677, -1.0004482731028863, 1701296887488891155, 
1.494963526725769, -0.9357910752296448, -1.0021642621999258, 1701296887605861102, 
1.4996088743209839, -0.9431456923484802, -1.0042728675202643, 1701296887699689504, 
1.5046172142028809, -0.9508643746376038, -1.0048530196157883, 1701296887800820894, 
1.509220838546753, -0.95807945728302, -1.004438329402698, 1701296887889054330, 
1.5152347087860107, -0.9674788117408752, -1.0032761473626162, 1701296888005853083, 
1.5198100805282593, -0.9748339653015137, -1.0020133151807011, 1701296888099692160, 
1.524519681930542, -0.9826140999794006, -1.0005690312253641, 1701296888195932490, 
1.5290729999542236, -0.9901455640792847, -0.9990001827538146, 1701296888288840636, 
1.535075306892395, -0.9994837641716003, -0.9964460212786541, 1701296888405866999, 
1.539794921875, -1.0066272020339966, -0.9954158845684998, 1701296888499696420, 
1.5449683666229248, -1.0141420364379883, -0.99229679192906, 1701296888595864248, 
1.5498701333999634, -1.02128005027771, -0.991048404366327, 1701296888688960615, 
1.5557955503463745, -1.0306318998336792, -0.986566112095348, 1701296888806881839, 
1.5605372190475464, -1.0377628803253174, -0.9854001228923646, 1701296888899705309, 
1.5654454231262207, -1.045297622680664, -0.9823288981138999, 1701296888996876379, 
1.5701156854629517, -1.052445650100708, -0.9817083540282395, 1701296889089083478, 
1.576537847518921, -1.0616029500961304, -0.9794280348207833, 1701296889207027940, 
1.5813697576522827, -1.0687769651412964, -0.9794506634369274, 1701296889299701975, 
1.5866689682006836, -1.0765116214752197, -0.9799431886270675, 1701296889396888569, 
1.5915324687957764, -1.0838395357131958, -0.9791880592429029, 1701296889489155112, 
1.597922682762146, -1.093331217765808, -0.9779303083402915, 1701296889606830187, 
1.6027671098709106, -1.100538730621338, -0.977547057101987, 1701296889699706854, 
1.6082829236984253, -1.1083663702011108, -0.9775403787566431, 1701296889797897344, 
1.61317777633667, -1.115517497062683, -0.9766692818625348, 1701296889890558406, 
1.6191401481628418, -1.1245254278182983, -0.9767176118993717, 1701296890007818986, 
1.624029278755188, -1.1317181587219238, -0.976872283610823, 1701296890100728801, 
1.62923264503479, -1.1393476724624634, -0.9782150714306862, 1701296890197941531, 
1.6341214179992676, -1.1467479467391968, -0.9774029243154431, 1701296890289845980, 
1.6400907039642334, -1.15585196018219, -0.9762428113611703, 1701296890408796414, 
1.6423662900924683, -1.1591429710388184, -0.9763571795869457, 1701296890450754619, 
1.6502180099487305, -1.1709520816802979, -0.9772526458823371, 1701296890598811824, 
1.654968500137329, -1.1781705617904663, -0.9770466139728692, 1701296890689499051, 
1.6612834930419922, -1.1875340938568115, -0.9769564661007246, 1701296890809092322, 
1.665930986404419, -1.194714903831482, -0.976877705549823, 1701296890898893743, 
1.6711522340774536, -1.2026559114456177, -0.9772869703183656, 1701296890998866355, 
1.6758722066879272, -1.2096657752990723, -0.9773348965263182, 1701296891089618128, 
1.6822857856750488, -1.2190766334533691, -0.9772788306802276, 1701296891208984337, 
1.6870156526565552, -1.2261903285980225, -0.9772971146051525, 1701296891298895376, 
1.6915438175201416, -1.2327576875686646, -0.9782838749825151, 1701296891398919944, 
1.6918400526046753, -1.2333074808120728, -0.9772272214099315, 1701296891489127409, 
1.6918847560882568, -1.2332839965820312, -0.978195440151036, 1701296891609043613, 
1.6918878555297852, -1.2332684993743896, -0.9782100116928756, 1701296891650770914, 
1.6918858289718628, -1.2332758903503418, -0.9781522882245491, 1701296891798955960, 
1.691886067390442, -1.233275055885315, -0.9781590610489104, 1701296891889595833, 
1.6918878555297852, -1.2332690954208374, -0.9782055588203464, 1701296892009092735, 
1.691886305809021, -1.2332743406295776, -0.978164097915721, 1701296892099989475, 
1.6918840408325195, -1.2332826852798462, -0.9781000322723639, 1701296892198833258, 
1.6918838024139404, -1.233283281326294, -0.9780953596408811, 1701296892289038351, 
1.6918835639953613, -1.2332842350006104, -0.9780883839435657, 1701296892408892916, 
1.6918855905532837, -1.2332772016525269, -0.9781427096583423, 1701296892499826380, 
1.6918872594833374, -1.2332711219787598, -0.9781899771216872, 1701296892598996636, 
1.6918877363204956, -1.2332693338394165, -0.9782034329883597, 1701296892689373989, 
1.691887378692627, -1.2332706451416016, -0.9781938354932442, 1701296892809345518, 
1.6918878555297852, -1.2332689762115479, -0.9782069607949514, 1701296892899871812, 
1.6918878555297852, -1.2332689762115479, -0.9782069607954936, 1701296892998893549, 
1.6918878555297852, -1.2332689762115479, -0.9782069607954936, 1701296893089569703, 
1.6918878555297852, -1.2332689762115479, -0.9782069607954936, 1701296893208899004, 
1.6918878555297852, -1.2332689762115479, -0.9782069607954936, 1701296893300775587, 
1.6918877363204956, -1.2332693338394165, -0.9782039459773779, 1701296893398919381, 
1.6918877363204956, -1.2332693338394165, -0.9782039459773779, 1701296893489814271, 
1.6918877363204956, -1.2332693338394165, -0.9782039459773779, 1701296893608983212, 
1.6918877363204956, -1.2332693338394165, -0.9782039459773779, 1701296893699772800, 
1.6918877363204956, -1.2332693338394165, -0.9782039459773779, 1701296893748905594, 
1.6918877363204956, -1.2332693338394165, -0.9782035832262221, 1701296893889682860, 
1.6918877363204956, -1.2332693338394165, -0.9782035832262221, 1701296894009778909, 
1.6918877363204956, -1.2332693338394165, -0.9782035832262221, 1701296894099790464, 
1.6918877363204956, -1.2332693338394165, -0.9782035832262221, 1701296894198980217, 
1.6918877363204956, -1.2332693338394165, -0.9782035832262221, 1701296894289716316, 
1.6918877363204956, -1.2332693338394165, -0.9782035832262221, 1701296894409028385, 
1.6918877363204956, -1.2332693338394165, -0.9782035832262221, 1701296894499700316, 
1.6918877363204956, -1.2332693338394165, -0.9782035832262221, 1701296894599014365, 
1.6918877363204956, -1.2332693338394165, -0.9782035832262221, 1701296894689343849, 
1.6918877363204956, -1.2332693338394165, -0.9782035832262221, 1701296894810283935, 
1.6918877363204956, -1.2332693338394165, -0.9782035832262221, 1701296894899291532, 
1.6918877363204956, -1.2332693338394165, -0.9782035832262221, 1701296894999303508, 
1.6918877363204956, -1.2332693338394165, -0.9782035832262221, 1701296895090700571, 
1.6918877363204956, -1.2332693338394165, -0.9782035832262221, 1701296895209358191, 
1.6918877363204956, -1.2332693338394165, -0.9782035832262221, 1701296895300173811, 
1.6918877363204956, -1.2332693338394165, -0.9782035832262221, 1701296895349275506, 
1.6918877363204956, -1.2332693338394165, -0.9782035832262221, 1701296895490784535, 
1.6918877363204956, -1.2332693338394165, -0.9782035832262221, 1701296895610401613, 
1.6918877363204956, -1.2332693338394165, -0.9782035832262221, 1701296895700313068, 
1.6918877363204956, -1.2332693338394165, -0.9782035832262221, 1701296895799523841, 
1.6918877363204956, -1.2332693338394165, -0.9782035832262221, 1701296895909396495, 
1.6918877363204956, -1.2332693338394165, -0.9782035832262221, 1701296896010215589, 
1.6918877363204956, -1.2332693338394165, -0.9782035832262221, 1701296896050317378, 
1.6918877363204956, -1.2332693338394165, -0.9782035832262221, 1701296896200788844, 
1.6918877363204956, -1.2332693338394165, -0.9782035832262221, 1701296896309603011, 
1.6918877363204956, -1.2332693338394165, -0.9782035832262221, 1701296896410266840, 
1.6918877363204956, -1.2332693338394165, -0.9782035832262221, 1701296896499769108, 
1.6918877363204956, -1.2332693338394165, -0.9782035832262221, 1701296896598967745, 
1.6918877363204956, -1.2332693338394165, -0.9782039392037607, 1701296896692963426, 
1.6918877363204956, -1.2332693338394165, -0.9782037123945397, 1701296896803851408, 
1.6918877363204956, -1.2332693338394165, -0.9782035631683942, 1701296896903777595, 
1.6918877363204956, -1.2332693338394165, -0.9782036646524732, 1701296896994833662, 
1.6918877363204956, -1.2332693338394165, -0.9782038406368198, 1701296897093412668, 
1.6918877363204956, -1.2332693338394165, -0.9782036286783814, 1701296897204930058, 
1.6918877363204956, -1.2332693338394165, -0.9782036735392301, 1701296897303777507, 
1.6918877363204956, -1.2332693338394165, -0.9782035742993884, 1701296897394942862, 
1.6918877363204956, -1.2332693338394165, -0.9782035558517795, 1701296897493146688, 
1.6918877363204956, -1.2332693338394165, -0.9782032823186743, 1701296897604870017, 
1.6918877363204956, -1.2332693338394165, -0.9782036009927706, 1701296897704801161, 
1.6918877363204956, -1.2332693338394165, -0.978203596504992, 1701296897793944266, 
1.6918877363204956, -1.2332693338394165, -0.9782036566139436, 1701296897894021300, 
1.6918877363204956, -1.2332693338394165, -0.9782036596122653, 1701296898008952500, 
1.6918877363204956, -1.2332693338394165, -0.9782036596122653, 1701296898099787726, 
1.6918877363204956, -1.2332693338394165, -0.9782036596122653, 1701296898198842326, 
1.6918877363204956, -1.2332693338394165, -0.9782036596122653, 1701296898289027622, 
1.6918877363204956, -1.2332693338394165, -0.9782036596122653, 1701296898410078963, 
1.6918877363204956, -1.2332693338394165, -0.9782036596122653, 1701296898499794052, 
1.6918877363204956, -1.2332693338394165, -0.9782036596122653, 1701296898599148815, 
1.6918877363204956, -1.2332693338394165, -0.9782036596122653, 1701296898688997360, 
1.6918877363204956, -1.2332693338394165, -0.9782036596122653, 1701296898810839988, 
1.6918877363204956, -1.2332693338394165, -0.9782036596122653, 1701296898900796499, 
1.6918877363204956, -1.2332693338394165, -0.9782036596122653, 1701296898999069654, 
1.6918877363204956, -1.2332693338394165, -0.9782036596122653, 1701296899089353661, 
1.6918877363204956, -1.2332693338394165, -0.9782036596122653, 1701296899210921994, 
1.6918877363204956, -1.2332693338394165, -0.9782036596122653, 1701296899299822147, 
1.6918877363204956, -1.2332693338394165, -0.9782036596122653, 1701296899349803281, 
1.6918877363204956, -1.2332693338394165, -0.9782036596122653, 1701296899489052443, 
1.6918877363204956, -1.2332693338394165, -0.9782036596122653, 1701296899610937318, 
1.6918877363204956, -1.2332693338394165, -0.9782032697249946, 1701296899699809070, 
1.6918877363204956, -1.2332693338394165, -0.978203077167349, 1701296899798959010, 
1.6918877363204956, -1.2332693338394165, -0.9782030999611336, 1701296899889088337, 
1.6918877363204956, -1.2332693338394165, -0.9782032457216098, 1701296900004991456, 
1.6918877363204956, -1.2332693338394165, -0.9782032853689406, 1701296900098965300, 
1.6918877363204956, -1.2332693338394165, -0.9782032161472155, 1701296900199003374, 
1.6918877363204956, -1.2332693338394165, -0.9782030198905106, 1701296900289094701, 
1.6918877363204956, -1.2332693338394165, -0.978203076830846, 1701296900405968547, 
1.6918877363204956, -1.2332693338394165, -0.9782028902992703, 1701296900498910491, 
1.6918877363204956, -1.2332693338394165, -0.9782027698883067, 1701296900548862101, 
1.6918877363204956, -1.2332693338394165, -0.9782032008763789, 1701296900709014239, 
1.6918877363204956, -1.2332693338394165, -0.9782032285447776, 1701296900806171661, 
1.6918877363204956, -1.2332693338394165, -0.9782032347992561, 1701296900898848520, 
1.6918877363204956, -1.2332693338394165, -0.9782031997305558, 1701296901001200994, 
1.6918877363204956, -1.2332693338394165, -0.9782032008496986, 1701296901089102997, 
1.6918877363204956, -1.2332693338394165, -0.9782031290749756, 1701296901204994885, 
1.6918877363204956, -1.2332693338394165, -0.9782031009768353, 1701296901298822838, 
1.6918877363204956, -1.2332693338394165, -0.9782029527636842, 1701296901400122776, 
1.6918877363204956, -1.2332693338394165, -0.9782027112419638, 1701296901489445584, 
1.6918877363204956, -1.2332693338394165, -0.978202936592302, 1701296901605986076, 
1.6918877363204956, -1.2332693338394165, -0.9782029953530768, 1701296901698862103, 
1.6918877363204956, -1.2332693338394165, -0.978202660140584, 1701296901801232418, 
1.6918877363204956, -1.2332693338394165, -0.978202677725218, 1701296901890617478, 
1.6918877363204956, -1.2332693338394165, -0.9782026991237208, 1701296902006926175, 
1.6918877363204956, -1.2332693338394165, -0.9782024300823114, 1701296902100382850, 
1.6918877363204956, -1.2332693338394165, -0.9782026087498068, 1701296902197433277, 
1.6918877363204956, -1.2332693338394165, -0.9782022916852912, 1701296902290150163, 
1.6918877363204956, -1.2332693338394165, -0.9782024110168719, 1701296902407738182, 
1.6918877363204956, -1.2332693338394165, -0.9782024889316775, 1701296902499997677, 
1.6918877363204956, -1.2332693338394165, -0.9782023422322546, 1701296902597799397, 
1.6918877363204956, -1.2332693338394165, -0.9782023504684777, 1701296902688867539, 
1.6918877363204956, -1.2332693338394165, -0.9782022701576328, 1701296902807011199, 
1.6918877363204956, -1.2332693338394165, -0.9782026013975893, 1701296902899972486, 
1.6918877363204956, -1.2332693338394165, -0.9782027441962364, 1701296902997121243, 
1.6918877363204956, -1.2332693338394165, -0.9782026601574602, 1701296903090101082, 
1.6918877363204956, -1.2332693338394165, -0.9782025609663272, 1701296903207918887, 
1.6918877363204956, -1.2332693338394165, -0.9782027102547793, 1701296903299904929, 
1.6918877363204956, -1.2332693338394165, -0.978202798002505, 1701296903398571406, 
1.6918877363204956, -1.2332693338394165, -0.9782024355616619, 1701296903490204148, 
1.6918877363204956, -1.2332693338394165, -0.9782023512763827, 1701296903607997526, 
1.6918877363204956, -1.2332693338394165, -0.9782020662379722, 1701296903700081068, 
1.6918877363204956, -1.2332693338394165, -0.9782016369918821, 1701296903798206862, 
1.6918877363204956, -1.2332693338394165, -0.9782015095241986, 1701296903890024048, 
1.6918877363204956, -1.2332693338394165, -0.9782016455442752, 1701296904007036961, 
1.6918877363204956, -1.2332693338394165, -0.9782016045818827, 1701296904100936216, 
1.6918877363204956, -1.2332693338394165, -0.9782016653959705, 1701296904199377293, 
1.6918877363204956, -1.2332693338394165, -0.9782016060701347, 1701296904311917789, 
1.6918877363204956, -1.2332693338394165, -0.9782016642499062, 1701296904409195967, 
1.6918877363204956, -1.2332693338394165, -0.9782016828769999, 1701296904500893338, 
1.6918877363204956, -1.2332693338394165, -0.9782016727394758, 1701296904599072377, 
1.6918877363204956, -1.2332693338394165, -0.978201867393239, 1701296904691716588, 
1.6918877363204956, -1.2332693338394165, -0.978201965610368, 1701296904809538807, 
1.6918877363204956, -1.2332693338394165, -0.9782022394387381, 1701296904900180765, 
1.6918877363204956, -1.2332693338394165, -0.9782020803518929, 1701296904999427812, 
1.6918877363204956, -1.2332693338394165, -0.978202036712747, 1701296905090752665, 
1.6918877363204956, -1.2332693338394165, -0.9782020781824305, 1701296905209929526, 
1.6918877363204956, -1.2332693338394165, -0.9782020865810003, 1701296905299918956, 
1.6918877363204956, -1.2332693338394165, -0.9782023813037419, 1701296905400421320, 
1.6918877363204956, -1.2332693338394165, -0.9782023694538824, 1701296905490789429, 
1.6918877363204956, -1.2332693338394165, -0.9782020627146599, 1701296905609952363, 
1.6918877363204956, -1.2332693338394165, -0.9782021570632915, 1701296905699954634, 
1.6918877363204956, -1.2332693338394165, -0.9782016486929175, 1701296905800267637, 
1.6918877363204956, -1.2332693338394165, -0.9782016847848322, 1701296905890187290, 
1.6918877363204956, -1.2332693338394165, -0.9782014023183268, 1701296906010174802, 
1.6918877363204956, -1.2332693338394165, -0.9782016950030507, 1701296906099931179, 
1.6918877363204956, -1.2332693338394165, -0.9782018083280003, 1701296906199968978, 
1.6918877363204956, -1.2332693338394165, -0.9782017986302467, 1701296906289992235, 
1.6918877363204956, -1.2332693338394165, -0.9782017912882605, 1701296906410031560, 
1.6918877363204956, -1.2332693338394165, -0.9782018157394115, 1701296906499938321, 
1.6918877363204956, -1.2332693338394165, -0.9782020398216358, 1701296906600366323, 
1.6918877363204956, -1.2332693338394165, -0.978201645034472, 1701296906690266112, 
1.6918877363204956, -1.2332693338394165, -0.978201059392767, 1701296906809965968, 
1.6918877363204956, -1.2332693338394165, -0.9782010472392824, 1701296906899917478, 
1.6918877363204956, -1.2332693338394165, -0.9782010336893254, 1701296906999934744, 
1.6918877363204956, -1.2332693338394165, -0.9782011809778792, 1701296907089847966, 
1.6918877363204956, -1.2332693338394165, -0.9782013156642796, 1701296907209942718, 
1.6918877363204956, -1.2332693338394165, -0.9782013156642796, 1701296907300920394, 
1.6918877363204956, -1.2332693338394165, -0.9782013156642796, 1701296907400181636, 
1.6918877363204956, -1.2332693338394165, -0.9782013156642796, 1701296907489851415, 
1.6918877363204956, -1.2332693338394165, -0.9782012398172999, 1701296907609954598, 
1.6918877363204956, -1.2332693338394165, -0.9782012398172999, 1701296907701346345, 
1.6918877363204956, -1.2332693338394165, -0.9782012398172999, 1701296907799960126, 
1.6918877363204956, -1.2332693338394165, -0.9782012398172999, 1701296907890014225, 
1.6918877363204956, -1.2332693338394165, -0.9782013156642796, 1701296908010171030, 
1.6918877363204956, -1.2332693338394165, -0.9782013156642796, 1701296908100093137, 
1.6918877363204956, -1.2332693338394165, -0.978201124418709, 1701296908200233188, 
1.6918877363204956, -1.2332693338394165, -0.9782008171450788, 1701296908290145439, 
1.6918877363204956, -1.2332693338394165, -0.9782008171450788, 1701296908410334209, 
1.6918877363204956, -1.2332693338394165, -0.9782008171450788, 1701296908500289701, 
1.6918877363204956, -1.2332693338394165, -0.9782008171450788, 1701296908600437533, 
1.6918877363204956, -1.2332693338394165, -0.9782008171450788, 1701296908690614447, 
1.6918877363204956, -1.2332693338394165, -0.9782008171450788, 1701296908810603073, 
1.6918877363204956, -1.2332693338394165, -0.9782008171450788, 1701296908900148136, 
1.6918877363204956, -1.2332693338394165, -0.9782008171450788, 1701296909000172516, 
1.6918877363204956, -1.2332693338394165, -0.9782008171450788, 1701296909090149777, 
1.6918877363204956, -1.2332693338394165, -0.9782008171450788, 1701296909210800803, 
1.6918877363204956, -1.2332693338394165, -0.9782008171450788, 1701296909300365626, 
1.6918877363204956, -1.2332693338394165, -0.9782008171450788, 1701296909400443592, 
1.6918877363204956, -1.2332693338394165, -0.9782008171450788, 1701296909491696330, 
1.6918877363204956, -1.2332693338394165, -0.9782008171450788, 1701296909610138494, 
1.6918877363204956, -1.2332693338394165, -0.9782008171450788, 1701296909700389082, 
1.6918877363204956, -1.2332693338394165, -0.9782008171450788, 1701296909800109500, 
1.6918877363204956, -1.2332693338394165, -0.9782008171450788, 1701296909891321685, 
1.6918877363204956, -1.2332693338394165, -0.9782008171450788, 1701296910010185929, 
1.6918877363204956, -1.2332693338394165, -0.9782008171450788, 1701296910099930974, 
1.6918877363204956, -1.2332693338394165, -0.9782008171450788, 1701296910199954237, 
1.6918877363204956, -1.2332693338394165, -0.9782008171450788, 1701296910291334493, 
1.6918877363204956, -1.2332693338394165, -0.9782008171450788, 1701296910406063989, 
1.6918877363204956, -1.2332693338394165, -0.9782009874211783, 1701296910502957724, 
1.6918877363204956, -1.2332693338394165, -0.9782009874211783, 1701296910545934291, 
1.6918877363204956, -1.2332693338394165, -0.9782011256615248, 1701296910706065356, 
1.6918877363204956, -1.2332693338394165, -0.9782013019549826, 1701296910755390871, 
1.6918877363204956, -1.2332693338394165, -0.9782013019549826, 1701296910900082649, 
1.6918877363204956, -1.2332693338394165, -0.9782013019549826, 1701296911000205158, 
1.6918877363204956, -1.2332693338394165, -0.9782013019549826, 1701296911110231702, 
1.6918877363204956, -1.2332693338394165, -0.9782013019549826, 1701296911211502777, 
1.6918877363204956, -1.2332693338394165, -0.9782016082612324, 1701296911303983522, 
1.6918877363204956, -1.2332693338394165, -0.978201687218501, 1701296911395969916, 
1.6918877363204956, -1.2332693338394165, -0.9782017640874454, 1701296911494436662, 
1.6918877363204956, -1.2332693338394165, -0.9782021980321924, 1701296911606248003, 
1.6918877363204956, -1.2332693338394165, -0.9782023091259684, 1701296911703945844, 
1.6918877363204956, -1.2332693338394165, -0.978202464895672, 1701296911796059564, 
1.6918877363204956, -1.2332693338394165, -0.9782021855799796, 1701296911895639919, 
1.6918877363204956, -1.2332693338394165, -0.9782017837096867, 1701296912006007293, 
1.6918877363204956, -1.2332693338394165, -0.9782018046163444, 1701296912104965226, 
1.6918877363204956, -1.2332693338394165, -0.9782017904167829, 1701296912144954030, 
1.6918877363204956, -1.233269453048706, -0.9782027509516726, 1701296963162825777, 
1.6918877363204956, -1.233269453048706, -0.9782030430589829, 1701296963252950768, 
1.6918877363204956, -1.233269453048706, -0.9782028196911535, 1701296963353210883, 
1.6918877363204956, -1.233269453048706, -0.9782027130305172, 1701296963402497777, 
1.6918877363204956, -1.233269453048706, -0.9782026967714542, 1701296963513761854, 
1.6918877363204956, -1.233269453048706, -0.9782027013256509, 1701296963593720925, 
1.6918877363204956, -1.233269453048706, -0.9782027197118405, 1701296963705587298, 
1.6922537088394165, -1.2340949773788452, -0.9834908394588928, 1701296963803678074, 
1.6965465545654297, -1.24128258228302, -1.0362390941627877, 1701296963912188514, 
1.70047926902771, -1.2482510805130005, -1.085275033788603, 1701296963993139654, 
1.705007553100586, -1.2572247982025146, -1.1504550833322627, 1701296964104595659, 
1.708431363105774, -1.2657219171524048, -1.2078700636926123, 1701296964203741700, 
1.7116121053695679, -1.2748254537582397, -1.2762629368626486, 1701296964312900713, 
1.7139251232147217, -1.2829680442810059, -1.3368792325494843, 1701296964412962628, 
1.7147941589355469, -1.2865467071533203, -1.3604147524571217, 1701296964453146468, 
1.716512680053711, -1.2956387996673584, -1.418124895070371, 1701296964553754372, 
1.7175992727279663, -1.3049432039260864, -1.4719579280841695, 1701296964654657231, 
1.7183074951171875, -1.3133530616760254, -1.5011813325966452, 1701296964743215574, 
1.7186659574508667, -1.322961688041687, -1.5208985655956748, 1701296964853679679, 
1.7187647819519043, -1.332393765449524, -1.5449009819993464, 1701296964953612385, 
1.719218373298645, -1.3419198989868164, -1.5444263698362046, 1701296965052865619, 
1.7193187475204468, -1.3503438234329224, -1.530726210199826, 1701296965143790944, 
1.719855546951294, -1.3609025478363037, -1.514504069265406, 1701296965254776999, 
1.7207164764404297, -1.3704229593276978, -1.498379477994294, 1701296965353821285, 
1.7217082977294922, -1.3801851272583008, -1.4713666230157485, 1701296965453735782, 
1.7221482992172241, -1.3841552734375, -1.4559425711525122, 1701296965493929648, 
1.7240269184112549, -1.3985425233840942, -1.400524806424274, 1701296965653676974, 
1.7248754501342773, -1.4033069610595703, -1.3829069689978188, 1701296965704775539, 
1.7266969680786133, -1.412825107574463, -1.3492930709026045, 1701296965803652703, 
1.729182243347168, -1.423245906829834, -1.3119604652714316, 1701296965913101702, 
1.7312169075012207, -1.4309873580932617, -1.2705392090843997, 1701296965993549020, 
1.7341065406799316, -1.4406893253326416, -1.2151280994609956, 1701296966103756677, 
1.7376153469085693, -1.4499671459197998, -1.1706065605647673, 1701296966202825043, 
1.7408114671707153, -1.4576764106750488, -1.1252277456615407, 1701296966294769203, 
1.7448524236679077, -1.466155767440796, -1.0816197383453912, 1701296966392895747, 
1.7499293088912964, -1.4754142761230469, -1.030929239321889, 1701296966503723300, 
1.752258062362671, -1.4795656204223633, -1.007260661850508, 1701296966553668983, 
1.7688157558441162, -1.5035858154296875, -0.9110370670061017, 1701296966854743610, 
1.774767518043518, -1.5111711025238037, -0.8939451446704779, 1701296966953687391, 
1.7877694368362427, -1.5263370275497437, -0.8527257294436066, 1701296967163282604, 
1.7969675064086914, -1.5366979837417603, -0.8470311612852386, 1701296967303167185, 
1.802888035774231, -1.5437593460083008, -0.8572483352192628, 1701296967402859223, 
1.8081912994384766, -1.5504002571105957, -0.8695628017436539, 1701296967493662668, 
1.814096212387085, -1.5575556755065918, -0.8841728778025373, 1701296967593723236, 
1.8201085329055786, -1.565737009048462, -0.9256324800308438, 1701296967703797303, 
1.8255407810211182, -1.5732169151306152, -0.9598240426804092, 1701296967803655406, 
1.8282846212387085, -1.577064037322998, -0.9834761609180097, 1701296967853825178, 
1.8327372074127197, -1.5839643478393555, -1.0227536739422614, 1701296967943470424, 
1.8395824432373047, -1.5967833995819092, -1.0985985076479892, 1701296968103761219, 
1.8434844017028809, -1.6052343845367432, -1.149416135761888, 1701296968203733574, 
1.8463695049285889, -1.6125741004943848, -1.1940216043697758, 1701296968292992666, 
1.8497710227966309, -1.6222915649414062, -1.252918076831578, 1701296968409299222, 
1.8521074056625366, -1.63114595413208, -1.2991266129071593, 1701296968507865211, 
1.8538658618927002, -1.6390442848205566, -1.345332651836601, 1701296968598088330, 
1.8548535108566284, -1.6435480117797852, -1.3666269822318342, 1701296968649771683, 
1.8562541007995605, -1.6530883312225342, -1.4056434837595524, 1701296968758319599, 
1.8575656414031982, -1.6669787168502808, -1.4658644587151188, 1701296968907920231, 
1.8578028678894043, -1.6705057621002197, -1.481573554460285, 1701296968948722643, 
1.8582395315170288, -1.6839851140975952, -1.5292001173743153, 1701296969098038758, 
1.858713984489441, -1.6897128820419312, -1.5206976284418716, 1701296969158724511, 
1.8596693277359009, -1.7035577297210693, -1.4978107587858345, 1701296969308267278, 
1.860662579536438, -1.7118213176727295, -1.4839848025008684, 1701296969397860732, 
1.8608119487762451, -1.7165299654006958, -1.4760010604227365, 1701296969448702925, 
1.862295389175415, -1.726670503616333, -1.45827940427269, 1701296969558034528, 
1.8642046451568604, -1.7400540113449097, -1.4361472559382178, 1701296969703848228, 
1.864821434020996, -1.7445403337478638, -1.4283163140341153, 1701296969753719952, 
1.8657827377319336, -1.7503403425216675, -1.4125877430477827, 1701296969892824173, 
1.8657351732254028, -1.749920129776001, -1.414551091597489, 1701296969963616480, 
1.8657530546188354, -1.7499668598175049, -1.414551091597489, 1701296970102911798, 
1.8657530546188354, -1.7499668598175049, -1.414551091597489, 1701296970203693479, 
1.8657530546188354, -1.7499668598175049, -1.414551091597489, 1701296970254892741, 
1.8657835721969604, -1.7499313354492188, -1.4149027125193527, 1701296970393434408, 
1.8657928705215454, -1.7507678270339966, -1.4084173721620945, 1701296970453728569, 
1.8687318563461304, -1.765122652053833, -1.3484218974784838, 1701296970603897524, 
1.8697599172592163, -1.769832968711853, -1.330575124179336, 1701296970648824410, 
1.8718976974487305, -1.7787914276123047, -1.2950138848168495, 1701296970743723026, 
1.8763527870178223, -1.7931783199310303, -1.2356423584795169, 1701296970902911079, 
1.879384160041809, -1.8020213842391968, -1.1946312422959122, 1701296971004772504, 
1.8810107707977295, -1.8059190511703491, -1.1758124727921513, 1701296971048859896, 
1.8843376636505127, -1.8141648769378662, -1.1397501947867932, 1701296971143520333, 
1.8887313604354858, -1.8233668804168701, -1.094596139781536, 1701296971253716698, 
1.8953534364700317, -1.8362839221954346, -1.0372347898634386, 1701296971403905696, 
1.8976813554763794, -1.839964509010315, -1.0198795889663663, 1701296971449770852, 
1.9026304483413696, -1.8479374647140503, -0.9834800387718405, 1701296971544319964, 
1.9074372053146362, -1.8554050922393799, -0.9362543258930943, 1701296971653171100, 
1.9087613821029663, -1.8579719066619873, -0.9099032014352172, 1701296971803921745, 
1.9086030721664429, -1.8577147722244263, -0.9116971941585484, 1701296971849881233, 
1.909289002418518, -1.8584781885147095, -0.9108626945739386, 1701296971943287985, 
1.9200124740600586, -1.8715574741363525, -0.8893874242868708, 1701296972103726230, 
1.9230283498764038, -1.8752377033233643, -0.8831353208751929, 1701296972153748356, 
1.9284329414367676, -1.8819109201431274, -0.8804303473618573, 1701296972250745479, 
1.9353787899017334, -1.889782190322876, -0.8724765361059151, 1701296972363868682, 
1.9402176141738892, -1.8954497575759888, -0.8648288708200718, 1701296972453736940, 
1.9410834312438965, -1.896479845046997, -0.8603307844847808, 1701296972553764670, 
1.9436427354812622, -1.9000287055969238, -0.870151001787347, 1701296972650804910, 
1.9535483121871948, -1.9124696254730225, -0.9109226954194326, 1701296972793225716, 
1.958742618560791, -1.9196701049804688, -0.9381502639246634, 1701296972903183882, 
1.9668666124343872, -1.9312652349472046, -0.9797874184119707, 1701296973050841273, 
1.9717167615890503, -1.9398125410079956, -1.0096103020930627, 1701296973161656108, 
1.9759632349014282, -1.9472935199737549, -1.0428000000538773, 1701296973254248632, 
1.9801417589187622, -1.9555310010910034, -1.0838407107113457, 1701296973353820626, 
1.9837992191314697, -1.9633830785751343, -1.122584081457071, 1701296973450855176, 
1.9876042604446411, -1.9726903438568115, -1.1658065324025066, 1701296973561440409, 
1.9906187057495117, -1.9806712865829468, -1.2033739384470217, 1701296973653172363, 
1.9936121702194214, -1.9896458387374878, -1.2421498180911708, 1701296973754816007, 
1.9961916208267212, -1.997978925704956, -1.2814608850539764, 1701296973851751068, 
1.998321533203125, -2.0062320232391357, -1.31734854871624, 1701296973943050692, 
2.0008544921875, -2.020355224609375, -1.3742913673648967, 1701296974104478519, 
2.0013880729675293, -2.0249555110931396, -1.3907856573280994, 1701296974153987356, 
2.002281427383423, -2.0337932109832764, -1.4256084170082723, 1701296974252803517, 
2.0034735202789307, -2.0438337326049805, -1.462090811353568, 1701296974362748712, 
2.004330635070801, -2.0521459579467773, -1.4934507224547575, 1701296974454404471, 
2.0049428939819336, -2.0574285984039307, -1.5251244018012178, 1701296974553913383, 
2.0051586627960205, -2.0573582649230957, -1.5297504696757789, 1701296974651957259, 
2.0050835609436035, -2.0573620796203613, -1.5288256419740784, 1701296974743587286, 
2.0050933361053467, -2.0573549270629883, -1.5290195716481372, 1701296974855187178, 
2.0050947666168213, -2.0573534965515137, -1.5290348062468044, 1701296974955127011, 
2.005098342895508, -2.0573501586914062, -1.5290722667992007, 1701296975052431672, 
2.0050971508026123, -2.0573513507843018, -1.5290602938889273, 1701296975145403378, 
2.005098819732666, -2.057349920272827, -1.5290780977774614, 1701296975255315744, 
2.005099296569824, -2.057349443435669, -1.5290830029894549, 1701296975356355275, 
2.00510835647583, -2.0573410987854004, -1.5291747442871144, 1701296975453589787, 
2.005112648010254, -2.0573370456695557, -1.5292199733401906, 1701296975563006083, 
2.005105972290039, -2.057343006134033, -1.5291527123465167, 1701296975654551272, 
2.0050511360168457, -2.0580413341522217, -1.5264177335494562, 1701296975753290635, 
2.005528688430786, -2.0673468112945557, -1.4971953553610744, 1701296975853065302, 
2.0067191123962402, -2.0796666145324707, -1.463277720149438, 1701296975963213533, 
2.008479118347168, -2.092601776123047, -1.4130344797442567, 1701296976104218620, 
2.009107828140259, -2.0973622798919678, -1.3954549092821922, 1701296976153358588, 
2.010913133621216, -2.1068968772888184, -1.3601340002938842, 1701296976253101501, 
2.012420177459717, -2.1140897274017334, -1.326310738840125, 1701296976344334729, 
2.013885498046875, -2.119870901107788, -1.288966452004279, 1701296976454256264, 
2.017397880554199, -2.1306631565093994, -1.252857152821797, 1701296976554655029, 
2.020294427871704, -2.139979124069214, -1.2162188683195603, 1701296976654036226, 
2.0232369899749756, -2.1472079753875732, -1.1855565245400257, 1701296976744252814, 
2.027316093444824, -2.156956195831299, -1.146007280452774, 1701296976854805910, 
2.031609058380127, -2.166050672531128, -1.1144084079073384, 1701296976953808265, 
2.03791880607605, -2.177903652191162, -1.0798961985549367, 1701296977094266963, 
2.0401053428649902, -2.1823606491088867, -1.067132074526125, 1701296977144312145, 
2.0454938411712646, -2.191333055496216, -1.040902265835671, 1701296977254839644, 
2.0502967834472656, -2.1993606090545654, -1.019769208478597, 1701296977353812259, 
2.0556223392486572, -2.2077231407165527, -0.9977258874872055, 1701296977454095073, 
2.060335159301758, -2.214725971221924, -0.9831791686359935, 1701296977544404442, 
2.0661568641662598, -2.223064422607422, -0.967947091440257, 1701296977653901481, 
2.0717296600341797, -2.2308316230773926, -0.9522701957850171, 1701296977753994171, 
2.0770552158355713, -2.237849712371826, -0.9357151631165276, 1701296977854821421, 
2.0779173374176025, -2.239405632019043, -0.9240156396306229, 1701296977944917054, 
2.081209897994995, -2.2434229850769043, -0.9194799576459584, 1701296978053839724, 
2.0876810550689697, -2.252164602279663, -0.9076967787198537, 1701296978153754693, 
2.0925955772399902, -2.259263038635254, -0.8945645453598161, 1701296978254802618, 
2.096986770629883, -2.2652063369750977, -0.8862849728318454, 1701296978345226429, 
2.1032304763793945, -2.2752463817596436, -0.8514700375436158, 1701296978505789936, 
2.1045026779174805, -2.2779457569122314, -0.8361840484698742, 1701296978553838184, 
2.1055665016174316, -2.2825331687927246, -0.8088534420319665, 1701296978654050973, 
2.1049041748046875, -2.2831013202667236, -0.8051572698360883, 1701296978764768934, 
2.105398654937744, -2.2838339805603027, -0.801644049436176, 1701296978854097529, 
2.1078715324401855, -2.2893712520599365, -0.7691187721327511, 1701296978953892157, 
2.108121156692505, -2.2953720092773438, -0.7344210010138539, 1701296979053931532, 
2.1085333824157715, -2.3004696369171143, -0.7052792960169311, 1701296979144587132, 
2.108670234680176, -2.3065645694732666, -0.67003905742101, 1701296979253965351, 
2.1091558933258057, -2.3117332458496094, -0.6405613590930073, 1701296979352910151, 
2.109157085418701, -2.3167972564697266, -0.6111185942533257, 1701296979454063509, 
2.1089565753936768, -2.322352170944214, -0.5790821543723346, 1701296979564593345, 
2.1088345050811768, -2.3266146183013916, -0.5547047796262375, 1701296979653831781, 
2.1088528633117676, -2.3311166763305664, -0.5292311498560991, 1701296979754770577, 
2.1091489791870117, -2.3353841304779053, -0.504903011825533, 1701296979854043735, 
