acc_x, acc_y, angular_z, stamp, 
0.6690126657485962, -0.7584785223007202, -0.8990382177126162, 1.6964530462941947e+18
0.9145175218582153, -0.397078275680542, -0.92520962988671, 1.6964530463042043e+18
0.8146971464157104, -0.11377698183059692, -0.9529418648922898, 1.6964530463141699e+18
0.5454990863800049, -0.46563857793807983, -0.8129908610471508, 1.6964530463259625e+18
0.6611842513084412, -0.5051296949386597, -1.1417673276135338, 1.6964530463341875e+18
0.4631171226501465, -0.45710480213165283, -0.9015215844598743, 1.6964530463443436e+18
-0.04972684383392334, -0.24149614572525024, -0.7262219541950284, 1.6964530463568824e+18
0.15130704641342163, 0.02768850326538086, -1.2466482529009904, 1.69645304636429e+18
0.4744557738304138, -0.28693896532058716, -0.9393671693729032, 1.6964530463742735e+18
-0.18260985612869263, -0.46527737379074097, -0.9364240899501667, 1.696453046384278e+18
-0.44544142484664917, -0.43787682056427, -0.926943973759378, 1.6964530463942986e+18
-0.14720678329467773, -0.5366839170455933, -0.8352244922414549, 1.696453046405401e+18
0.1631464958190918, -0.4179381728172302, -1.0496576930436532, 1.6964530464143107e+18
0.3205680251121521, -0.6950588822364807, -0.9395437502275227, 1.6964530464243497e+18
0.11395919322967529, -0.5828929543495178, -0.7456830323230672, 1.696453046437027e+18
-0.16198879480361938, 0.012846708297729492, -1.2937943863115564, 1.696453046444353e+18
-0.7155635356903076, -0.044365644454956055, -0.9434267177737731, 1.6964530464544333e+18
-0.23327600955963135, -0.050675928592681885, -0.958860742149155, 1.6964530464644224e+18
0.2381630539894104, -0.2114478349685669, -0.9686557831177934, 1.6964530464744535e+18
0.4922623038291931, -0.5492410063743591, -0.9096076474388298, 1.6964530464853181e+18
0.4155554175376892, -0.42269372940063477, -1.0895899720813402, 1.696453046494451e+18
-0.19803547859191895, -0.46634674072265625, -0.9830805634597302, 1.696453046504578e+18
-0.5137752890586853, -0.5590775012969971, -1.0028603627902262, 1.696453046524497e+18
-0.41886740922927856, -0.5112496018409729, -0.9927367941340758, 1.6964530465345144e+18
-0.2824634909629822, -0.20366638898849487, -0.9916717660333324, 1.6964530465445012e+18
-0.11945050954818726, -0.2489272952079773, -0.9893377036936035, 1.6964530465545231e+18
0.2835767865180969, -0.3577954173088074, -0.9038570900202187, 1.6964530465655043e+18
-0.11825406551361084, -0.637423574924469, -1.0909434577107557, 1.6964530465745928e+18
-0.012495100498199463, -0.33066534996032715, -0.9909477932660653, 1.6964530465845699e+18
-0.14033371210098267, -0.07524985074996948, -0.776233540853586, 1.6964530465973138e+18
-0.2822537422180176, -0.3894680142402649, -1.362636744872144, 1.6964530466045978e+18
-0.1409277319908142, -0.3370892405509949, -0.991130309781056, 1.696453046614683e+18
0.18975043296813965, -0.6092913746833801, -1.013186798824786, 1.696453046624616e+18
0.2440941333770752, -0.47939491271972656, -1.004121099998219, 1.6964530466346388e+18
0.14852476119995117, -0.2949753999710083, -0.8873198459048478, 1.6964530466459254e+18
-0.31325435638427734, -0.4354499578475952, -1.1278345737170175, 1.6964530466546975e+18
-0.5250754952430725, -0.20844024419784546, -0.9780332478507782, 1.6964530466646835e+18
-0.45293521881103516, -0.36412763595581055, -0.7644265161963177, 1.6964530466772997e+18
-0.48063451051712036, -0.32647621631622314, -1.2742301477413291, 1.6964530466847524e+18
0.604308009147644, -0.16379594802856445, -0.945001017568426, 1.6964530466947924e+18
0.6405051350593567, -0.5691204071044922, -0.9624447359775993, 1.6964530467047675e+18
0.25555819272994995, -0.6828719973564148, -0.9675003272011949, 1.6964530467147958e+18
-0.08103084564208984, -0.4713096022605896, -0.9184735136321626, 1.6964530467254344e+18
-0.3983941078186035, -0.22183048725128174, -1.0469338674347646, 1.6964530467347927e+18
-0.07994955778121948, 0.17117583751678467, -0.9607791001437442, 1.6964530467450284e+18
-0.11510461568832397, -0.3843337893486023, -0.7849888912078256, 1.69645304675764e+18
0.29949456453323364, -0.5650765895843506, -1.3384099437014836, 1.6964530467650563e+18
0.4089900851249695, -0.36780524253845215, -1.0117575147631492, 1.6964530467748966e+18
-0.12381517887115479, -0.2089288830757141, -0.9929608356813723, 1.6964530467849564e+18
-0.2755625247955322, -0.17642837762832642, -1.0087566601131535, 1.6964530467948739e+18
-0.4044276475906372, -0.688590943813324, -0.9692232108513522, 1.696453046805176e+18
0.020595073699951172, -0.6762228608131409, -1.0165756064826335, 1.6964530468149194e+18
0.3413991928100586, -0.12866324186325073, -0.9889088334671854, 1.6964530468249403e+18
0.13771218061447144, -0.23636406660079956, -0.8186028882408828, 1.6964530468370796e+18
-0.1370943784713745, -0.3955199718475342, -1.2554031319928705, 1.6964530468449295e+18
0.1704612374305725, -0.44662296772003174, -1.0589823616503495, 1.69645304685413e+18
-0.08132106065750122, -0.21786195039749146, -0.8826729340900717, 1.6964530468650831e+18
-0.33626294136047363, 0.03239238262176514, -1.0692288484947472, 1.696453046874145e+18
-0.247208833694458, -0.3053578734397888, -0.9345452883284951, 1.6964530468845555e+18
-0.22706305980682373, -0.6196372509002686, -0.9220615803683686, 1.6964530468950316e+18
-0.17508161067962646, -0.5039752125740051, -1.035402262698955, 1.6964530469042575e+18
0.1643173098564148, -0.4698525071144104, -0.729328326708396, 1.696453046917309e+18
0.1643173098564148, -0.4698525071144104, -1.224027759923467, 1.6964530469250929e+18
-0.004146456718444824, -0.32040679454803467, -0.956499220809254, 1.6964530469350856e+18
0.014350652694702148, -0.30961328744888306, -0.9632826353747704, 1.6964530469450793e+18
-0.05047041177749634, -0.269125759601593, -0.9733907697312447, 1.6964530469551007e+18
-0.39973127841949463, -0.37588435411453247, -0.9301603064022184, 1.6964530469657275e+18
0.1437917947769165, -0.6446638107299805, -1.056026384744031, 1.6964530469751532e+18
0.049622297286987305, -0.4454820156097412, -1.0743068297158112, 1.696453046984414e+18
0.20887887477874756, -0.2242479920387268, -0.7588211935589156, 1.6964530469973135e+18
0.04810285568237305, -0.2616179585456848, -1.2124354611837587, 1.6964530470052078e+18
-0.1252644658088684, -0.3570268750190735, -0.9355583574064164, 1.6964530470152812e+18
0.05393493175506592, -0.1834205985069275, -0.9239812381599888, 1.6964530470255396e+18
0.498055636882782, -0.06404483318328857, -0.9742877809031959, 1.696453047035477e+18
0.23050367832183838, -0.41309231519699097, -1.009932568825715, 1.6964530470453517e+18
0.03937935829162598, -0.7840097546577454, -1.0009802434749555, 1.6964530470554775e+18
-0.17380541563034058, -0.4473772644996643, -1.03891690124649, 1.696453047065302e+18
-0.15426933765411377, -0.43089354038238525, -0.9204304042078166, 1.696453047076388e+18
-0.21488440036773682, 0.002262592315673828, -1.1320770110038172, 1.696453047085251e+18
-0.32971805334091187, -0.5328512191772461, -0.9819782209996966, 1.6964530470953093e+18
-0.6551477909088135, -0.6395599246025085, -0.9701153203789885, 1.696453047105342e+18
-0.2654149532318115, -0.09664881229400635, -0.9626833796813229, 1.696453047115354e+18
0.2545253038406372, -0.45236271619796753, -0.9693394854568547, 1.6964530471253535e+18
0.09509932994842529, -0.33786338567733765, -0.9826952921545598, 1.6964530471353313e+18
0.3825933337211609, -0.5483637452125549, -0.9835479029601522, 1.696453047145413e+18
-0.020122110843658447, -0.5205245018005371, -0.804046026655257, 1.6964530471578258e+18
-0.07914429903030396, -0.12643039226531982, -1.5133550524157575, 1.6964530471643917e+18
-0.574115514755249, -0.48744189739227295, -0.8943965201235577, 1.6964530471754079e+18
-0.43229055404663086, -0.2250218391418457, -0.9598963941329589, 1.6964530471854671e+18
0.21206480264663696, -0.022679269313812256, -0.9496809287910264, 1.6964530471954266e+18
-0.030434608459472656, -0.6519962549209595, -0.9339807341017259, 1.6964530472055206e+18
0.3860124945640564, -0.4635871648788452, -0.9521161492205241, 1.6964530472154819e+18
0.06809002161026001, -0.4557885527610779, -0.9584361809531939, 1.696453047225505e+18
-0.19631069898605347, -0.02351433038711548, -0.8930717770006473, 1.6964530472363628e+18
-0.22294002771377563, 0.05934596061706543, -1.06361561036904, 1.6964530472454838e+18
-0.3164616823196411, -0.7535637617111206, -0.9726538979291786, 1.6964530472555136e+18
0.34049558639526367, -0.4146019220352173, -0.9711555089777256, 1.6964530472656172e+18
0.4491202235221863, -0.05549192428588867, -1.002047999023465, 1.6964530472755482e+18
0.2891668677330017, -0.2948334813117981, -1.001871356833961, 1.6964530472856512e+18
-0.22785037755966187, -0.3339460492134094, -1.0285548831545006, 1.6964530472955433e+18
-0.4109470248222351, -0.9597427845001221, -0.9887961015355936, 1.696453047305802e+18
-0.1268448829650879, -0.3270612359046936, -0.8449827303272135, 1.6964530473177623e+18
0.258650541305542, 0.004603326320648193, -1.2954436159799116, 1.696453047325617e+18
0.3519755005836487, -0.5019941329956055, -1.011988978789284, 1.696453047335652e+18
0.2881830930709839, -0.5117380619049072, -0.9920947178000301, 1.696453047345656e+18
-0.17085379362106323, -0.5270082354545593, -0.9705693974370934, 1.6964530473556518e+18
-0.8966421484947205, -0.2171803116798401, -0.9563318855375635, 1.6964530473656957e+18
-0.07168424129486084, 0.0007524490356445312, -0.9647887483054292, 1.6964530473757348e+18
0.24223875999450684, -0.33824676275253296, -0.9707154378067426, 1.6964530473858875e+18
0.5834797620773315, -0.6379213929176331, -0.863610530882573, 1.6964530473973187e+18
0.2375597357749939, -0.5607142448425293, -1.1634711952563959, 1.6964530474057536e+18
-0.6476126313209534, -0.44775962829589844, -0.9765495220663598, 1.69645304741577e+18
-0.3570330739021301, -0.17315417528152466, -0.966495377389085, 1.6964530474258173e+18
-0.45701420307159424, -0.15990304946899414, -0.9690599629907901, 1.6964530474357696e+18
-0.0018203258514404297, -0.19142037630081177, -0.9503921048547003, 1.6964530474458422e+18
0.11043816804885864, -0.3912939429283142, -0.9466290939968793, 1.696453047455804e+18
-0.1319218873977661, -0.5657123327255249, -0.9303666427614918, 1.696453047465834e+18
0.1398993730545044, -0.3745272755622864, -0.7796978771662134, 1.6964530474777644e+18
-0.1272602081298828, -0.306293785572052, -1.165524584221726, 1.696453047485827e+18
0.15258675813674927, -0.32069993019104004, -0.9407998344983176, 1.6964530474958656e+18
0.3904404044151306, -0.5137445330619812, -0.8082938486422331, 1.6964530475073905e+18
0.08758020401000977, -0.42458009719848633, -1.0868324910223486, 1.6964530475159222e+18
-0.1898753046989441, -0.24342602491378784, -0.9311673790586531, 1.6964530475259197e+18
0.02916008234024048, -0.11556756496429443, -0.9246480097583536, 1.6964530475360228e+18
-0.07976764440536499, -0.15501940250396729, -0.9397554804584771, 1.6964530475459697e+18
-0.12132847309112549, -0.6306718587875366, -0.8990569759654783, 1.696453047556367e+18
-0.04483240842819214, -0.7537348866462708, -0.9828911983293874, 1.6964530475659753e+18
-0.10057657957077026, -0.4379577040672302, -0.9424209894028346, 1.6964530475761528e+18
0.25384408235549927, -0.0774880051612854, -0.7859929519028566, 1.6964530475885033e+18
-0.0406683087348938, 0.15229642391204834, -1.312942243043797, 1.6964530475959995e+18
0.06237363815307617, -0.5019341111183167, -0.9922107524497944, 1.6964530476059674e+18
-0.20341360569000244, -0.5666160583496094, -0.9612409301594662, 1.6964530476161938e+18
-0.2524951100349426, -0.17101049423217773, -1.0736840335210434, 1.6964530476252908e+18
0.02406907081604004, -0.2920607924461365, -0.8718556091329426, 1.6964530476364506e+18
0.09593385457992554, -0.43010878562927246, -1.1358355060887995, 1.6964530476450412e+18
0.19170445203781128, -0.601807713508606, -0.8709818138147524, 1.696453047656152e+18
-0.30838102102279663, -0.44356757402420044, -0.762551272390453, 1.696453047668617e+18
-0.011905908584594727, 0.06014609336853027, -1.259624547855498, 1.6964530476761426e+18
-0.04908984899520874, -0.3684607744216919, -0.9543826710682737, 1.6964530476861535e+18
0.01972419023513794, -0.3369276523590088, -0.9532593690093777, 1.6964530476962596e+18
0.35477882623672485, -0.12009322643280029, -0.9640445821498808, 1.6964530477063478e+18
-0.15452444553375244, -0.5062901973724365, -0.9706271284761208, 1.6964530477163937e+18
-0.02067011594772339, -0.46591413021087646, -0.9947834730655386, 1.6964530477261857e+18
-0.06289452314376831, -0.7988850474357605, -1.0562751221823004, 1.6964530477353874e+18
-0.18416577577590942, -0.299238920211792, -0.7050914703976401, 1.696453047749059e+18
-0.11552298069000244, 0.20998048782348633, -1.332784573247747, 1.6964530477562555e+18
-0.15824741125106812, -0.4884158968925476, -0.9471424531652228, 1.696453047766303e+18
0.06544464826583862, -0.4321568012237549, -1.0519726918224268, 1.6964530477753597e+18
0.2721900939941406, -0.2739819288253784, -0.886392109967165, 1.6964530477862797e+18
0.07780414819717407, -0.22762274742126465, -0.8514772395590212, 1.6964530477977894e+18
-0.1102750301361084, -0.15398073196411133, -1.1627905359362687, 1.6964530478063135e+18
-0.36516571044921875, -0.7508347034454346, -1.0897844012514628, 1.6964530478153597e+18
-0.33939653635025024, -0.4465319514274597, -0.7120345777428453, 1.6964530478290775e+18
0.33584028482437134, -0.25621211528778076, -1.3528167416220236, 1.6964530478363423e+18
0.37955909967422485, -0.5643203258514404, -1.0829437219671632, 1.6964530478453827e+18
0.5675749182701111, -0.3390767574310303, -0.8722786296956703, 1.6964530478564454e+18
0.39859849214553833, -0.2786905765533447, -0.9610658896584537, 1.6964530478664253e+18
-0.47840452194213867, -0.13526630401611328, -0.8331280108032246, 1.6964530478778724e+18
-0.441908061504364, -0.10723191499710083, -1.1062828896484942, 1.6964530478864645e+18
-0.38603734970092773, -0.4493367075920105, -0.9408781108331054, 1.6964530478965056e+18
-0.054260969161987305, -0.2355811595916748, -0.7363618271121973, 1.6964530479093494e+18
0.03291952610015869, -0.635046660900116, -1.279924838376239, 1.6964530479168246e+18
-0.18535959720611572, -0.3528188467025757, -0.976795235202007, 1.696453047926666e+18
-0.34633028507232666, -0.2657927870750427, -0.9727877819836127, 1.6964530479365898e+18
-0.1413346529006958, 0.014093399047851562, -0.9656532029530451, 1.6964530479466929e+18
0.11256527900695801, -0.28374195098876953, -0.9254786826159394, 1.696453047957426e+18
0.05391889810562134, -0.6302218437194824, -1.1095410764141296, 1.6964530479665242e+18
0.08566099405288696, -0.5668953061103821, -0.9882207100769046, 1.6964530479767964e+18
-0.2557784914970398, -0.5547689199447632, -0.8136640932579879, 1.6964530479892255e+18
-0.3001074194908142, -0.23462772369384766, -1.3656253482114926, 1.6964530479965614e+18
-0.19486385583877563, -0.3801127076148987, -0.9850517554322792, 1.696453048006574e+18
-0.08648413419723511, -0.2904971241950989, -0.9637476551126047, 1.6964530480166313e+18
0.01273280382156372, -0.20177209377288818, -0.9634000968164851, 1.6964530480265856e+18
0.06447070837020874, -0.2637673020362854, -0.8764449690220159, 1.6964530480375035e+18
0.042914628982543945, -0.041867077350616455, -1.061844407825171, 1.69645304804659e+18
-0.10740244388580322, -0.32119232416152954, -0.956911512681332, 1.6964530480568906e+18
-0.10538196563720703, -0.6725817322731018, -0.867967577229089, 1.6964530480683935e+18
0.15475279092788696, -0.6673896908760071, -1.211134403031903, 1.6964530480766508e+18
0.26320135593414307, -0.6808032989501953, -0.9968681285913138, 1.696453048086697e+18
-0.08625376224517822, 0.010940015316009521, -0.9971579545761944, 1.6964530480967299e+18
-0.10599523782730103, -0.15408223867416382, -1.002352122807705, 1.6964530481066941e+18
-0.3902142643928528, -0.3190043568611145, -0.8898168334262324, 1.6964530481178665e+18
-0.14588499069213867, -0.3271123766899109, -1.1258334028523647, 1.6964530481267162e+18
0.23361772298812866, -0.6587315797805786, -1.0005483550495413, 1.6964530481368115e+18
0.30920952558517456, -0.199837327003479, -0.8862489786441262, 1.6964530481483727e+18
0.7485876679420471, -0.36936748027801514, -1.2293835636758044, 1.696453048156772e+18
0.021320700645446777, -0.5771776437759399, -1.0141355771060574, 1.696453048166801e+18
-0.2327730655670166, -0.26227855682373047, -0.9831637766857275, 1.696453048176859e+18
-0.33227139711380005, -0.44745296239852905, -0.9477358392636183, 1.696453048187072e+18
-0.3528873324394226, 0.10014557838439941, -0.9030721824176366, 1.6964530481976264e+18
0.07659602165222168, 0.05094212293624878, -1.0261997061650405, 1.696453048206864e+18
0.029812335968017578, -0.6574050188064575, -0.9452158141558159, 1.696453048216864e+18
0.28418779373168945, -0.5527357459068298, -0.7552649318658352, 1.6964530482294213e+18
0.1100044846534729, -0.634394109249115, -1.2861305986428553, 1.6964530482369027e+18
-0.20402228832244873, -0.08823162317276001, -0.9703668725958414, 1.6964530482469107e+18
-0.35425078868865967, -0.08916985988616943, -0.9663089479814261, 1.6964530482569746e+18
-0.33014410734176636, -0.8235782980918884, -0.9658378775782844, 1.6964530482669612e+18
-0.2632162570953369, -0.4136001467704773, -1.0122708374277773, 1.6964530482763927e+18
0.10942447185516357, -0.09574615955352783, -0.9088231351131394, 1.696453048286951e+18
0.3653024435043335, 0.0450097918510437, -0.965008480963383, 1.6964530482969828e+18
0.10068255662918091, -0.308080792427063, -0.759162494004704, 1.6964530483098212e+18
-0.2582595944404602, -0.9410973787307739, -1.340189970310886, 1.6964530483170422e+18
-0.5614684820175171, -0.43739229440689087, -0.9554041582870042, 1.6964530483270182e+18
-0.22336876392364502, -0.13579446077346802, -0.9473415472197363, 1.696453048337064e+18
-0.04614049196243286, -0.1998184323310852, -0.9526914760571619, 1.6964530483470756e+18
0.6976831555366516, -0.3176495432853699, -0.9195152885769905, 1.6964530483574666e+18
0.4772179126739502, -0.5337898135185242, -0.9937634754753829, 1.6964530483671022e+18
-0.4860185980796814, -0.33479028940200806, -1.0509928199101024, 1.696453048376231e+18
-0.10984289646148682, -0.1733168363571167, -0.8685333469144981, 1.696453048387395e+18
-0.09365588426589966, -0.35937565565109253, -1.0147333270333323, 1.6964530483971466e+18
0.1636514663696289, -0.4672338366508484, -1.0068349615049736, 1.696453048407144e+18
0.6421172022819519, -0.5237964987754822, -0.9743890184293932, 1.696453048417508e+18
0.3077418804168701, -0.6032071709632874, -1.0187054927404735, 1.6964530484273295e+18
-0.28833043575286865, -0.43271440267562866, -0.9136224377796702, 1.6964530484381809e+18
-0.08563631772994995, -0.13898581266403198, -1.0951198357206426, 1.6964530484472148e+18
-0.29649949073791504, 0.17293322086334229, -0.9846147189860809, 1.6964530484572362e+18
-0.19357383251190186, -0.24080699682235718, -0.7925026664600647, 1.6964530484695619e+18
0.0848659873008728, -0.7628704905509949, -1.2564965665634698, 1.6964530484772716e+18
-0.07424384355545044, -0.5914065837860107, -0.9716955504187427, 1.6964530484872625e+18
0.021094202995300293, -0.02477198839187622, -0.973648220210271, 1.6964530484973476e+18
-0.2522939443588257, 0.09565407037734985, -0.9931087202485789, 1.6964530485073106e+18
0.03009432554244995, -0.5560269951820374, -0.9770991687389683, 1.6964530485174108e+18
-0.10302674770355225, -0.6287888884544373, -0.990135844080481, 1.6964530485273073e+18
0.10763543844223022, -0.3208997845649719, -1.0708612397392099, 1.696453048536386e+18
0.27358579635620117, -0.014730513095855713, -0.727752344849421, 1.696453048549769e+18
-0.2135372757911682, -0.11485809087753296, -1.4840162286398333, 1.6964530485563791e+18
-0.36507850885391235, -0.762749195098877, -0.8775770709990551, 1.6964530485674132e+18
-0.33412206172943115, -0.7107962965965271, -0.9489404059378315, 1.6964530485774423e+18
0.20916086435317993, -0.4132552742958069, -0.9560118270387925, 1.696453048587423e+18
0.346629798412323, -0.09410113096237183, -0.968485280362754, 1.6964530485974072e+18
-0.02796041965484619, 0.24336457252502441, -0.9743164627348655, 1.696453048607436e+18
-0.12807059288024902, -0.3448737859725952, -0.9669730355492195, 1.696453048617507e+18
-0.30774378776550293, -0.2834358215332031, -0.787568389947264, 1.6964530486298058e+18
-0.1438159942626953, -0.2816774249076843, -1.2593271824460608, 1.6964530486375101e+18
0.2282918095588684, -0.46070075035095215, -0.9508406339395274, 1.6964530486477862e+18
0.4378647804260254, -0.287741482257843, -1.0029550569561057, 1.6964530486575913e+18
0.39895129203796387, -0.6825786232948303, -0.980030033109116, 1.6964530486675694e+18
-0.03504788875579834, -0.37539899349212646, -0.9636709803855668, 1.696453048677593e+18
-0.30002927780151367, -0.12426888942718506, -0.9622964428738625, 1.6964530486875372e+18
-0.23869013786315918, -0.47132426500320435, -0.9524368917632613, 1.6964530486975665e+18
0.2548704147338867, -0.043061912059783936, -0.7884737825159303, 1.6964530487097917e+18
0.4191955327987671, -0.2023792862892151, -1.2484569767366922, 1.6964530487175823e+18
0.06048262119293213, -0.5060119032859802, -0.9689930147312487, 1.6964530487276037e+18
-0.1484021544456482, -0.40204888582229614, -0.9665672429730654, 1.6964530487376307e+18
-0.18980318307876587, -0.818648099899292, -0.9620450648339864, 1.696453048747659e+18
-0.09754359722137451, -0.05538374185562134, -0.9173891799009153, 1.6964530487582003e+18
-0.17863672971725464, -0.11549818515777588, -1.0168612682995568, 1.69645304876772e+18
0.0606609582901001, -0.6813336610794067, -0.9649564601113941, 1.696453048777711e+18
0.03977400064468384, -0.2508178949356079, -0.8267633319272424, 1.6964530487894052e+18
-0.25502729415893555, -0.3176608681678772, -1.1670919345431752, 1.696453048797734e+18
-0.26352614164352417, -0.20557069778442383, -0.9517648685699399, 1.6964530488080246e+18
-0.23337841033935547, -0.8690205216407776, -0.7878668371565819, 1.6964530488204513e+18
-0.11632311344146729, -0.39658844470977783, -1.2831612762455806, 1.696453048828005e+18
0.02623993158340454, -0.3222782611846924, -0.963419307261053, 1.696453048837982e+18
-0.21302664279937744, -0.3462291955947876, -0.9777153124392837, 1.6964530488477578e+18
0.3702288269996643, -0.4763340353965759, -0.9552491838552025, 1.6964530488577472e+18
0.3066205382347107, -0.3694923520088196, -0.8225785763219488, 1.6964530488694794e+18
-0.04924386739730835, -0.024211883544921875, -1.1765386105714268, 1.6964530488777802e+18
0.040669143199920654, -0.20609277486801147, -0.970265750686711, 1.6964530488879012e+18
-0.1505759358406067, -0.559137761592865, -0.7958755893949351, 1.6964530489003146e+18
-0.22327333688735962, -0.42460161447525024, -1.309122856198278, 1.6964530489078362e+18
0.057613253593444824, -0.2475031018257141, -0.9717485456541053, 1.6964530489178824e+18
0.25004851818084717, -0.41562700271606445, -0.9782090619752407, 1.6964530489278282e+18
-0.021717846393585205, -0.3746427297592163, -0.9689186810868528, 1.6964530489378473e+18
-0.04979509115219116, -0.3210248351097107, -0.8050743348131673, 1.6964530489499507e+18
-0.27789121866226196, 0.0740816593170166, -1.2382572528252414, 1.6964530489578893e+18
0.017606616020202637, -0.1948925256729126, -0.997548126999802, 1.6964530489679416e+18
0.43772202730178833, -0.5744206309318542, -0.8177931823913391, 1.6964530489803986e+18
0.31303906440734863, -0.5811638832092285, -1.3263835314549626, 1.696453048988039e+18
0.14571738243103027, -0.4003749489784241, -1.006812514654603, 1.6964530489979935e+18
-0.6219271421432495, -0.3463323712348938, -0.9943194344336075, 1.6964530490079547e+18
-0.25674968957901, -0.3383435606956482, -0.9739208276989704, 1.6964530490179884e+18
-0.33879852294921875, -0.10943877696990967, -0.816895432451605, 1.6964530490297628e+18
-0.072823166847229, -0.2712850570678711, -1.1541586920137534, 1.696453049038003e+18
0.5757483839988708, -0.3436182141304016, -0.951561736301379, 1.6964530490480256e+18
-0.17945241928100586, -0.2888902425765991, -0.8409073054109202, 1.6964530490595814e+18
-0.17945241928100586, -0.2888902425765991, -1.1620139685444721, 1.696453049068078e+18
-0.24900871515274048, -0.354255735874176, -0.98531013394615, 1.6964530490781425e+18
-0.08795136213302612, -0.802548885345459, -0.9950786431434355, 1.6964530490881244e+18
0.05434626340866089, -0.5274379849433899, -0.9904785786666456, 1.6964530490980803e+18
0.05323207378387451, 0.075888991355896, -0.8900254322310833, 1.696453049109077e+18
-0.06046783924102783, -0.10310894250869751, -1.2136381082813552, 1.696453049117097e+18
-0.280007004737854, -0.1136518120765686, -0.9622427318387103, 1.6964530491271475e+18
-0.2747095823287964, -0.43195223808288574, -0.7000815191398831, 1.6964530491408479e+18
0.03891366720199585, -0.3543340563774109, -1.297716255270153, 1.6964530491481928e+18
0.2576020359992981, -0.14524656534194946, -0.9526769591865786, 1.69645304915826e+18
0.04735034704208374, -0.4511301517486572, -0.9681491316871509, 1.6964530491682314e+18
0.16732555627822876, -0.2393854260444641, -0.959281512258449, 1.6964530491782129e+18
-0.19307315349578857, -0.21600860357284546, -0.829271854267567, 1.6964530491895846e+18
-0.15363168716430664, -0.4917101263999939, -1.07569627485115, 1.6964530491982582e+18
0.3056451082229614, -0.1673601269721985, -0.9274682807464599, 1.6964530492083128e+18
0.2794265151023865, -0.3646349310874939, -0.7305828082677434, 1.6964530492212736e+18
0.6000064015388489, -0.4953678846359253, -1.3697076521631493, 1.6964530492282883e+18
0.17000675201416016, -0.4279157519340515, -1.0727308833262081, 1.6964530492373688e+18
-0.2437078356742859, -0.8368560671806335, -0.9818216207761536, 1.696453049247358e+18
-0.48973214626312256, 0.07231122255325317, -0.8880880959170977, 1.6964530492583427e+18
-0.4826016426086426, 0.08346402645111084, -0.8366959346191477, 1.6964530492699397e+18
-0.09949558973312378, -0.41437458992004395, -1.1159827385757937, 1.6964530492785475e+18
-0.0662650465965271, -0.2780951261520386, -0.9459799329547492, 1.696453049288674e+18
0.0294458270072937, -0.4969925880432129, -0.7617241971739285, 1.6964530493013105e+18
0.10462820529937744, 0.21937185525894165, -1.3712250880152594, 1.6964530493084278e+18
0.010679364204406738, -0.16567915678024292, -0.9863860322304561, 1.6964530493185667e+18
-0.11934304237365723, -0.9540698528289795, -1.0139355968418011, 1.6964530493284723e+18
-0.05550277233123779, -0.5206666588783264, -0.993354597654702, 1.6964530493384873e+18
-0.12127852439880371, -0.6359300017356873, -0.8930328063152416, 1.6964530493495977e+18
-0.14377152919769287, -0.35000449419021606, -1.1041672009089338, 1.696453049358534e+18
0.3321910500526428, -0.11644858121871948, -0.9856697249992155, 1.6964530493685238e+18
0.23446506261825562, -0.254353404045105, -0.759638182783867, 1.6964530493813448e+18
-0.07212096452713013, 0.06973135471343994, -1.3291322428498207, 1.6964530493885082e+18
-0.45835554599761963, -0.28579723834991455, -0.9403629991598085, 1.6964530493986102e+18
-0.23407238721847534, -0.39078259468078613, -0.9556802177390216, 1.6964530494086108e+18
-0.06755119562149048, 0.07999163866043091, -0.958757990719328, 1.6964530494186258e+18
0.4195854663848877, -0.38199764490127563, -0.8917654459443758, 1.6964530494294953e+18
0.378908634185791, -0.6725653409957886, -1.0601486537757616, 1.6964530494386263e+18
-0.2943724989891052, -0.6652802228927612, -0.967600196304132, 1.6964530494486024e+18
-0.38941848278045654, 0.16942930221557617, -0.9655971712295643, 1.6964530494686405e+18
-0.13504594564437866, -0.3439498543739319, -0.9664658791483789, 1.6964530494786598e+18
0.17665356397628784, -0.8011003732681274, -0.9379532144843238, 1.696453049488909e+18
0.2176271677017212, -0.7401758432388306, -0.9872853841990509, 1.696453049498699e+18
0.060599565505981445, -0.2566985487937927, -0.8960947713138084, 1.69645304950965e+18
-0.30645906925201416, 0.11546856164932251, -1.0953399274840367, 1.696453049518727e+18
-0.0043062567710876465, -0.2090001106262207, -0.9729290975727813, 1.6964530495290179e+18
0.06974285840988159, -0.32597726583480835, -0.8154295731788662, 1.6964530495413404e+18
0.17563045024871826, -0.5093250870704651, -1.3617636995848084, 1.696453049548754e+18
0.06898105144500732, -0.24489152431488037, -1.01183160862665, 1.696453049558814e+18
-0.028128623962402344, 0.025438427925109863, -1.021638166590489, 1.6964530495688274e+18
-0.38225626945495605, -0.39819788932800293, -1.015936327698996, 1.6964530495788042e+18
-0.04467111825942993, -0.7554475665092468, -0.8903580748516728, 1.6964530495899904e+18
0.06475496292114258, -0.8932058811187744, -1.105626307938286, 1.6964530495988183e+18
-0.19662630558013916, -0.1758555769920349, -0.964018922189326, 1.6964530496088543e+18
0.27531754970550537, 0.426474392414093, -0.8384430237486722, 1.6964530496204754e+18
-0.25081509351730347, -0.19759362936019897, -1.16652027941082, 1.6964530496288704e+18
-0.17805427312850952, -0.2015814185142517, -0.9712262044670629, 1.696453049638901e+18
-0.5395258069038391, -0.2558402419090271, -0.9578186798952044, 1.6964530496489485e+18
-0.18236297369003296, -0.3916485905647278, -0.9684372005124953, 1.6964530496589076e+18
0.42080527544021606, -0.0805976390838623, -0.8915086859560986, 1.6964530496698598e+18
0.26882320642471313, -0.5889718532562256, -1.0660910141321314, 1.6964530496790285e+18
0.32082659006118774, -0.4481358528137207, -0.9585106710879966, 1.6964530496890875e+18
-0.26512908935546875, -0.2980949878692627, -0.8333523650131472, 1.6964530497004186e+18
-0.26240092515945435, 0.06405681371688843, -1.0530005234721393, 1.6964530497091945e+18
0.10117340087890625, -0.11791008710861206, -0.9336545187929998, 1.6964530497191222e+18
0.5640342235565186, -0.39664995670318604, -0.931585005273395, 1.6964530497292575e+18
0.39450275897979736, -0.44816452264785767, -0.9786555286776136, 1.696453049739075e+18
-0.07395678758621216, -0.8004909753799438, -0.9199633245844269, 1.6964530497496266e+18
-0.36562609672546387, -0.027972161769866943, -1.0266575168414371, 1.6964530497590346e+18
-0.38718879222869873, -0.06686282157897949, -0.9453318065624566, 1.6964530497692477e+18
-0.05433356761932373, -0.5999334454536438, -0.7615383353980747, 1.6964530497820032e+18
0.541673481464386, -0.30399471521377563, -1.375260184123659, 1.696453049789094e+18
0.10465633869171143, -0.5378915071487427, -0.9558856778937399, 1.6964530497993546e+18
-0.0932852029800415, 0.06856483221054077, -1.0030142046858952, 1.6964530498091914e+18
-0.3180096745491028, -0.029832422733306885, -1.0008352824867173, 1.6964530498191557e+18
-0.6051874756813049, -0.5419013500213623, -0.9478992486564969, 1.6964530498296996e+18
-0.00018393993377685547, -0.14043158292770386, -1.1735878058534481, 1.696453049838126e+18
-0.06701529026031494, -0.5806037187576294, -0.8856626380491842, 1.6964530498492145e+18
0.19190305471420288, -0.5929266214370728, -0.7936029667963259, 1.6964530498615068e+18
0.19542235136032104, -0.3152182698249817, -1.2567821846371203, 1.6964530498692524e+18
0.12196552753448486, -0.30686330795288086, -0.9799768781693885, 1.6964530498792607e+18
0.10430651903152466, 0.13599789142608643, -0.979181098693141, 1.6964530498893053e+18
-0.1936284303665161, -0.3310849070549011, -0.9849453337874686, 1.696453049899265e+18
0.08373916149139404, -0.6179749369621277, -0.8815505744451629, 1.6964530499103194e+18
-0.31678444147109985, -0.2629709243774414, -1.0710206489977496, 1.6964530499192799e+18
-0.19366198778152466, -0.32721030712127686, -0.9468994415729941, 1.6964530499293138e+18
-0.05262577533721924, -0.19503062963485718, -0.7848725126175095, 1.69645304994133e+18
-0.3539236783981323, -0.4045087695121765, -1.1654245782692303, 1.696453049949322e+18
-0.07323086261749268, -0.3877527713775635, -0.9209397897563628, 1.6964530499593413e+18
0.048816025257110596, 0.13990366458892822, -0.9230234538811637, 1.6964530499694141e+18
0.007346630096435547, -0.29966866970062256, -1.0665625079055723, 1.6964530499783972e+18
0.164675772190094, -0.5336670875549316, -0.8820212535766172, 1.6964530499895798e+18
0.4051342010498047, -0.7240158319473267, -1.130726622513122, 1.6964530499983974e+18
-0.08007967472076416, -0.44292575120925903, -0.8983210184437428, 1.696453050009471e+18
-0.2965104579925537, -0.10843062400817871, -0.8949420860840843, 1.696453050020492e+18
-0.3398711085319519, -0.44285327196121216, -1.08012923747006, 1.696453050029491e+18
-0.07282072305679321, -0.21473348140716553, -0.9610350662675738, 1.69645305003946e+18
0.4560739994049072, -0.13597959280014038, -0.9497909760013414, 1.6964530500495311e+18
0.19998717308044434, -0.320132851600647, -0.9732392469599118, 1.6964530500594627e+18
0.17402398586273193, -0.17766880989074707, -0.9476405600188325, 1.6964530500698414e+18
-0.3150746822357178, -0.5083378553390503, -1.0265091325051507, 1.69645305007955e+18
-0.027880430221557617, -0.3970254063606262, -1.000094985888773, 1.696453050089561e+18
0.005724549293518066, -0.5067859292030334, -0.8116917698223287, 1.6964530501017907e+18
-0.34869909286499023, -0.5737477540969849, -1.2563424827283598, 1.6964530501095647e+18
0.17399674654006958, 0.04490303993225098, -0.9472338460132269, 1.6964530501198008e+18
-0.22819530963897705, -0.19095498323440552, -0.9913882788541539, 1.6964530501296358e+18
-0.1171308159828186, -0.022751212120056152, -0.9830239970191754, 1.6964530501396137e+18
-0.18976199626922607, -0.26896631717681885, -0.963220899762868, 1.696453050149787e+18
-0.17138350009918213, -0.6083149313926697, -0.9971443725840821, 1.6964530501596506e+18
-0.01836174726486206, -0.19769287109375, -0.9762119873027104, 1.6964530501698066e+18
-0.3419807553291321, -0.41221874952316284, -0.9375064870308103, 1.6964530501804398e+18
0.24457532167434692, -0.3330925703048706, -1.0693008410579052, 1.696453050189708e+18
0.01543194055557251, -0.19680297374725342, -0.9092270650058968, 1.6964530502004956e+18
-0.40320277214050293, -0.6075533628463745, -1.0484178145857355, 1.6964530502097142e+18
-0.34360718727111816, -0.07040536403656006, -0.8932817433477893, 1.6964530502203487e+18
-0.04619330167770386, -0.05256420373916626, -0.9375657665381402, 1.696453050230458e+18
0.3688168525695801, -0.2834644317626953, -1.0641211418756156, 1.6964530502393766e+18
0.6553661227226257, -0.4021919369697571, -0.8611244608135449, 1.6964530502504274e+18
0.07201433181762695, -0.7812986969947815, -0.948883393947561, 1.69645305026045e+18
-0.4559352993965149, -0.10867565870285034, -1.0612811720813624, 1.6964530502693883e+18
-0.32604390382766724, -0.0587347149848938, -0.9540497730023562, 1.6964530502793756e+18
-0.43855148553848267, -0.40536731481552124, -0.7300403547864878, 1.6964530502924406e+18
0.4094393849372864, -0.17130661010742188, -1.3783446210453294, 1.696453050299379e+18
0.27740478515625, -0.5634416341781616, -0.8726391066862419, 1.696453050310454e+18
0.018967509269714355, -0.2795117497444153, -1.1039883665044, 1.6964530503193812e+18
-0.28572583198547363, -0.07252770662307739, -0.9053391367146659, 1.6964530503304648e+18
-0.38739246129989624, -0.48898857831954956, -0.8916727385325162, 1.6964530503416957e+18
0.6475287079811096, -0.15371710062026978, -1.1308183417762525, 1.6964530503504468e+18
0.2437153458595276, -0.5971871018409729, -0.9623404743557187, 1.6964530503605688e+18
-0.019531190395355225, -0.5626064538955688, -0.8069285255736163, 1.6964530503724355e+18
0.05553245544433594, -0.28932374715805054, -1.1914445213245233, 1.6964530503804308e+18
-0.13735419511795044, -0.20727413892745972, -0.9449543443505569, 1.6964530503905426e+18
-0.11310935020446777, 0.15467745065689087, -0.9565497461899307, 1.6964530504005612e+18
-0.44869786500930786, -0.4766807556152344, -0.9512980098640228, 1.6964530504105254e+18
-0.20852410793304443, -0.7568770051002502, -0.8392060704468135, 1.6964530504217992e+18
-0.027230679988861084, -0.24024754762649536, -1.0982881264469397, 1.6964530504304904e+18
0.09331947565078735, -0.18846553564071655, -0.9693887405621607, 1.696453050440479e+18
-0.055691540241241455, -0.22669059038162231, -0.8075991854727677, 1.696453050452494e+18
-0.29318904876708984, -0.5958576202392578, -1.2030951615493624, 1.6964530504604874e+18
-0.2112717628479004, -0.48388826847076416, -0.94081455921622, 1.6964530504705859e+18
-0.06990230083465576, 0.15769076347351074, -0.9660883394044705, 1.6964530504804813e+18
-0.04579669237136841, -0.07255172729492188, -0.9328489139369229, 1.696453050490582e+18
0.0389174222946167, -0.43008488416671753, -0.9483638959935865, 1.696453050500426e+18
0.3911701440811157, -0.6963698863983154, -0.9047598555523576, 1.696453050510537e+18
-0.2778603434562683, -0.6277043223381042, -0.9093052461754886, 1.6964530505206295e+18
-0.09112852811813354, -0.0865972638130188, -0.762701384765651, 1.6964530505326536e+18
0.007736623287200928, -0.11656087636947632, -1.1765596191388341, 1.6964530505405716e+18
-0.028835773468017578, -0.1339806318283081, -0.9391222793868171, 1.696453050550662e+18
0.0778307318687439, -0.18469184637069702, -0.9467771330368582, 1.6964530505607306e+18
-0.45724791288375854, -0.37984699010849, -0.9706892239041542, 1.6964530505706243e+18
0.08464401960372925, 0.0030017495155334473, -0.9853970011275804, 1.6964530505804508e+18
0.3234063982963562, -0.7820383310317993, -0.9397050709621396, 1.6964530505908447e+18
0.09665197134017944, -0.9562302231788635, -0.9648294614149349, 1.696453050601014e+18
-0.46134984493255615, -0.6053228974342346, -0.8365389800176756, 1.6964530506126781e+18
-0.014584183692932129, 0.06988018751144409, -1.2147089721375397, 1.696453050620711e+18
-0.22609543800354004, 0.004200577735900879, -0.9771722371569888, 1.696453050630708e+18
-0.06838726997375488, -0.11170065402984619, -0.9844772019667024, 1.6964530506407823e+18
0.11776173114776611, -0.4353737235069275, -0.9997831030549826, 1.6964530506506583e+18
-0.09889841079711914, -0.30850285291671753, -0.9076092161319411, 1.6964530506614925e+18
-0.24007654190063477, -0.10615825653076172, -1.0666545133693381, 1.696453050670672e+18
-0.4415903687477112, -0.35822099447250366, -0.9774866601952871, 1.696453050680714e+18
0.21293699741363525, -0.4098345637321472, -0.8116278898496265, 1.6964530506927084e+18
0.3720737099647522, -0.307996928691864, -1.221022785490648, 1.6964530507006144e+18
0.14645546674728394, -0.45046526193618774, -0.9490656700008041, 1.6964530507107008e+18
-0.27755415439605713, -0.1426374912261963, -0.9511941155307824, 1.696453050720632e+18
-0.1938185691833496, -0.08730632066726685, -0.9389909266630029, 1.6964530507306068e+18
-0.251975417137146, -0.24490982294082642, -0.8343541343215336, 1.6964530507418373e+18
0.2201175093650818, -0.44409817457199097, -1.0706846225319973, 1.6964530507506383e+18
0.19060570001602173, -0.7774221897125244, -0.939445221046448, 1.696453050760715e+18
-0.20945894718170166, -0.2069075107574463, -0.8023845988188736, 1.696453050772389e+18
-0.1635320782661438, -0.10695064067840576, -1.1220454649532285, 1.6964530507806733e+18
-0.6909568309783936, -0.36895889043807983, -0.9096981872907693, 1.6964530507907976e+18
-0.004236280918121338, -0.041930973529815674, -0.92421781194919, 1.6964530508007196e+18
0.27142250537872314, -0.29249894618988037, -0.9234000393402926, 1.6964530508107658e+18
0.37887322902679443, -0.23784148693084717, -0.8803182809486061, 1.6964530508214879e+18
0.050666749477386475, -0.19094932079315186, -1.0435575498970435, 1.696453050830743e+18
-0.6581800580024719, -0.5610160231590271, -0.9762826421182288, 1.6964530508407252e+18
-0.24190419912338257, -0.22016239166259766, -0.8259490428536801, 1.6964530508524383e+18
-0.32949674129486084, -0.5182876586914062, -1.1674105226942788, 1.6964530508607383e+18
0.07028710842132568, -0.6369414925575256, -0.9632163507266464, 1.696453050870813e+18
0.5166946649551392, -0.35422950983047485, -0.9743960646936436, 1.6964530508808028e+18
0.13928282260894775, -0.23136937618255615, -0.9814719891076272, 1.6964530508908257e+18
-0.11860644817352295, -0.12870639562606812, -0.9093987649595121, 1.6964530509017472e+18
-0.3677138686180115, -0.0938841700553894, -1.1030975260569142, 1.6964530509107812e+18
-0.17381036281585693, -0.3913612961769104, -0.986175354807689, 1.6964530509208317e+18
0.04478663206100464, -0.46674031019210815, -0.9643979686867155, 1.696453050950827e+18
-0.08824598789215088, -0.23674708604812622, -0.933875995294728, 1.6964530509609219e+18
-0.15533298254013062, -0.2743995785713196, -0.9439303028343423, 1.6964530509708703e+18
-0.02855783700942993, -0.10346150398254395, -0.8877184294512838, 1.696453050981496e+18
-0.13206684589385986, -0.1926022171974182, -1.0195218135533939, 1.6964530509908634e+18
-0.44446051120758057, -0.38602596521377563, -0.9471749792513406, 1.696453051001044e+18
0.32642829418182373, -0.3357657790184021, -0.7570189234755887, 1.6964530510137198e+18
0.0668908953666687, -0.3793823719024658, -1.3391562444862595, 1.6964530510208182e+18
-0.20408576726913452, -0.41292256116867065, -0.9292882296833136, 1.6964530510309087e+18
-0.13566315174102783, -0.330940306186676, -0.9231137169951782, 1.6964530510408906e+18
-0.31467926502227783, -0.18570774793624878, -0.9196162772032528, 1.6964530510508498e+18
0.2781592607498169, -0.08989864587783813, -0.8335546956705872, 1.6964530510618563e+18
0.05488395690917969, -0.24785107374191284, -1.0272116978303585, 1.696453051070915e+18
0.07352602481842041, -0.353818416595459, -0.93036827318294, 1.6964530510810998e+18
-0.38343727588653564, -0.345753014087677, -0.8529981368585534, 1.6964530510923963e+18
-0.27353864908218384, -0.4314413070678711, -1.142346251078552, 1.6964530511009436e+18
0.5569236874580383, -0.6304082870483398, -0.9770348306667889, 1.6964530511110019e+18
0.2696145176887512, -0.5959292650222778, -0.9765915027249659, 1.6964530511209733e+18
-0.18291765451431274, -0.16252964735031128, -0.9409033685014024, 1.696453051131211e+18
-0.29714351892471313, -0.2593708634376526, -1.0365197575634157, 1.6964530511404628e+18
-0.2816672921180725, -0.18903326988220215, -0.9088446343120214, 1.6964530511510518e+18
-0.056467413902282715, -0.23504871129989624, -0.9715444368199148, 1.6964530511610404e+18
0.3775063157081604, -0.5206676125526428, -0.7818667674193333, 1.6964530511735388e+18
0.3417844772338867, -0.351825475692749, -1.3124014407980193, 1.6964530511810458e+18
0.02902805805206299, -0.29067766666412354, -0.986869482903916, 1.69645305119111e+18
-0.21303516626358032, -0.15666604042053223, -0.9902518038015383, 1.6964530512011174e+18
-0.24186158180236816, -0.1227344274520874, -0.9786078744360444, 1.6964530512111043e+18
-0.07535016536712646, -0.5125923752784729, -0.8781414606925719, 1.6964530512219786e+18
-0.20575803518295288, -0.2394610047340393, -1.0158261042294712, 1.6964530512311572e+18
0.0022529959678649902, -0.2507159113883972, -0.9942444942600829, 1.6964530512404723e+18
-0.27589142322540283, -0.4376651644706726, -0.6982095568837222, 1.6964530512538524e+18
0.20782601833343506, -0.23214316368103027, -1.2867510997656357, 1.6964530512611648e+18
0.25996148586273193, -0.6660575866699219, -1.0526386703208654, 1.696453051270245e+18
-0.16785037517547607, -0.3741128444671631, -0.8740668518043249, 1.6964530512812357e+18
-0.13427233695983887, -0.16163599491119385, -1.064363515229507, 1.696453051290267e+18
-0.6501755714416504, -0.43667304515838623, -0.9361427807167771, 1.6964530513004716e+18
-0.2222183346748352, -0.1083635687828064, -0.8801941292759243, 1.6964530513112714e+18
-0.29040443897247314, -0.3163449168205261, -0.9497212108456629, 1.6964530513212692e+18
0.04307645559310913, -0.3148190379142761, -0.77108972442743, 1.6964530513336832e+18
0.2803232669830322, -0.04583853483200073, -1.2843395061900849, 1.6964530513412662e+18
-0.3771282434463501, -0.398841917514801, -0.973368108370996, 1.696453051351343e+18
-0.13389813899993896, -0.25060611963272095, -1.0743317934108807, 1.696453051360423e+18
-0.3898388743400574, -0.4203994870185852, -0.9678907187408194, 1.6964530513704724e+18
-0.2022312879562378, -0.7456856966018677, -0.853878651367557, 1.6964530513818322e+18
0.40465831756591797, -0.3634265661239624, -1.0289519660671518, 1.696453051391347e+18
0.5188435912132263, -0.17560380697250366, -1.0813606533621705, 1.6964530514004326e+18
0.1694461703300476, -0.16742491722106934, -0.8190609002296628, 1.6964530514123873e+18
-0.0643758773803711, -0.1794338822364807, -1.2064406627669295, 1.6964530514204616e+18
-0.1686389446258545, -0.612188994884491, -0.8845806093047787, 1.6964530514315587e+18
-0.36283886432647705, -0.3329628109931946, -0.9882271693298554, 1.6964530514415788e+18
0.47249335050582886, -0.18169569969177246, -1.0001095612062485, 1.6964530514515794e+18
0.26489031314849854, -0.31787800788879395, -0.975271764887105, 1.696453051461748e+18
0.0310477614402771, -0.3964696526527405, -0.9940964698280945, 1.6964530514715768e+18
-0.6042694449424744, -0.16770344972610474, -0.9449352598952611, 1.6964530514818867e+18
-0.06338763236999512, -0.1768094301223755, -0.8311049186986381, 1.6964530514936952e+18
-0.15570199489593506, -0.47464263439178467, -1.251682869509109, 1.696453051501579e+18
0.786545991897583, -0.6287194490432739, -0.974873483625571, 1.6964530515117228e+18
0.1077994704246521, -0.6306859254837036, -0.9884983875150696, 1.6964530515215713e+18
-0.6417255401611328, -0.34670770168304443, -0.9571795691053026, 1.6964530515315873e+18
-0.5229498744010925, -0.21210718154907227, -0.9485171091198467, 1.6964530515415672e+18
-0.5323665738105774, 0.08470767736434937, -0.9392478910321183, 1.69645305155158e+18
0.33659619092941284, 0.17071813344955444, -0.9382955142515549, 1.6964530515615752e+18
0.256475567817688, -0.405403733253479, -0.742762386932109, 1.6964530515741783e+18
0.1301613450050354, -0.37919294834136963, -1.2646094507527774, 1.6964530515816061e+18
-0.17529386281967163, -0.20712274312973022, -0.9277321096651884, 1.6964530515918556e+18
-0.21994245052337646, -0.25141096115112305, -0.981001101373049, 1.6964530516016753e+18
0.0031329989433288574, -0.6686007976531982, -0.9730815279097638, 1.6964530516116367e+18
-0.03654670715332031, -1.0234441757202148, -0.9541545332651346, 1.696453051621694e+18
0.08960819244384766, -0.23410630226135254, -0.9477039956747786, 1.6964530516316728e+18
-0.22286701202392578, -0.018132686614990234, -0.9477760544277766, 1.6964530516416899e+18
-0.2708573341369629, 0.0073958635330200195, -0.8087459720768909, 1.696453051653626e+18
-0.35032331943511963, -0.16542649269104004, -1.2074982585280638, 1.6964530516616893e+18
0.012753427028656006, -0.7862045168876648, -0.9653696168135751, 1.6964530516717524e+18
0.16400521993637085, -0.5410397052764893, -0.9693653098911591, 1.696453051681785e+18
0.0448649525642395, -0.42889338731765747, -0.9920142390958281, 1.6964530516917545e+18
-0.0627397894859314, -0.300564169883728, -0.9539589573325862, 1.6964530517022664e+18
-0.029445767402648926, 0.03413766622543335, -1.0568144061967553, 1.6964530517117996e+18
0.22518450021743774, -0.4161961078643799, -1.006440753302223, 1.6964530517217894e+18
-0.02585136890411377, -0.08216333389282227, -0.8458771269692114, 1.6964530517334405e+18
0.07046973705291748, -0.0441247820854187, -1.1054544972561617, 1.6964530517422559e+18
-0.2832241654396057, -0.6896710991859436, -0.9969254827198201, 1.6964530517521004e+18
0.1708667278289795, -0.4815768003463745, -1.008578383242776, 1.6964530517619118e+18
0.2442312240600586, -0.7798873782157898, -0.9644914837488988, 1.6964530517721994e+18
-0.27727943658828735, -0.39956170320510864, -1.012275610529686, 1.6964530517819054e+18
-0.18372488021850586, -0.22958320379257202, -0.9655263382772216, 1.6964530517919718e+18
-0.6445746421813965, -0.7005383372306824, -0.9705579132126129, 1.6964530518019318e+18
-0.056458890438079834, -0.020943939685821533, -0.8055405427460265, 1.696453051813911e+18
0.18157589435577393, -0.14465868473052979, -1.2138496766667886, 1.6964530518219402e+18
0.07167214155197144, -0.22024619579315186, -0.9662837268259323, 1.6964530518321628e+18
0.121063232421875, -0.11621928215026855, -0.8136957856286104, 1.6964530518444792e+18
-0.18491780757904053, -0.5589318871498108, -1.344801038420325, 1.6964530518519974e+18
-0.2799975275993347, -0.13870829343795776, -1.0050412745994628, 1.696453051862016e+18
-0.4461832046508789, -0.23146593570709229, -0.9986993519045765, 1.6964530518720276e+18
-0.5253304243087769, -0.7340572476387024, -0.9686565308471952, 1.6964530518821727e+18
-0.07652485370635986, -0.41967320442199707, -0.8254106909409648, 1.69645305189385e+18
0.7388185262680054, -0.3022812008857727, -1.169469310786028, 1.6964530519020698e+18
0.4424594044685364, -0.15631043910980225, -0.9434816159135566, 1.6964530519123254e+18
-0.44404369592666626, -0.3874661922454834, -0.9840407700136047, 1.6964530519321795e+18
-0.5964486598968506, -0.14294302463531494, -0.9279394117174837, 1.6964530519426862e+18
0.17333704233169556, -0.3019617199897766, -1.0277769810341242, 1.6964530519521743e+18
0.5030261278152466, -0.5948653221130371, -0.9784202589029215, 1.696453051962163e+18
0.6910043954849243, -0.4968758821487427, -0.868239497287214, 1.6964530519734267e+18
-0.025006651878356934, -0.3800503611564636, -1.1184105183323965, 1.6964530519821993e+18
-0.606863796710968, -0.28886330127716064, -1.0600241597215374, 1.6964530519914714e+18
-0.5230703949928284, -0.26536476612091064, -0.7343887379054467, 1.6964530520047908e+18
-0.552407443523407, -0.09360635280609131, -1.3161596281045298, 1.6964530520122524e+18
0.3989933729171753, -0.38074928522109985, -0.9931190969954092, 1.6964530520222702e+18
0.30886197090148926, -0.585338294506073, -1.0016692727606864, 1.6964530520322913e+18
-0.10255849361419678, -0.45435959100723267, -1.0008238572364834, 1.696453052042283e+18
-0.012910544872283936, -0.379749059677124, -0.8739179328943867, 1.6964530520535923e+18
-0.2741585969924927, -0.13033819198608398, -1.070075789051995, 1.6964530520628093e+18
-0.10625958442687988, -0.32134342193603516, -1.1501239976419957, 1.696453052071361e+18
0.2940620183944702, -0.38605135679244995, -0.7004371903392839, 1.696453052085336e+18
0.2366449236869812, -0.26846200227737427, -1.3431753946813767, 1.6964530520926712e+18
-0.48839128017425537, -0.5316539406776428, -0.9912496674414034, 1.6964530521026258e+18
-0.100319504737854, -0.29027241468429565, -1.1199961161577126, 1.6964530521113994e+18
0.1984209418296814, -0.4637279510498047, -0.8770576353304593, 1.6964530521225969e+18
0.07230091094970703, -0.5106881856918335, -0.8724284359340224, 1.6964530521337736e+18
-0.24241840839385986, -0.0804063081741333, -1.1071968016413836, 1.6964530521424924e+18
-0.48141300678253174, -0.5236339569091797, -0.9544507732798775, 1.6964530521525059e+18
-0.3159372806549072, -0.06271183490753174, -0.9461205734853525, 1.69645305217249e+18
0.48786890506744385, -0.6240491271018982, -0.9171433664849172, 1.696453052182868e+18
0.42336201667785645, -0.5286723375320435, -0.958432495235053, 1.696453052192941e+18
0.03657644987106323, -0.5494557023048401, -1.0039575733948294, 1.6964530522026143e+18
-0.48254460096359253, 0.1540435552597046, -0.8176047826871297, 1.6964530522144218e+18
-0.48254460096359253, 0.1540435552597046, -1.1834280976714011, 1.6964530522225574e+18
-0.4032248258590698, -0.4993906021118164, -0.9376037264230718, 1.6964530522327068e+18
0.5144120454788208, -0.5140668153762817, -0.9635081003126765, 1.6964530522525926e+18
-0.08639848232269287, -0.4878455400466919, -0.9779019363297811, 1.6964530522626568e+18
0.2958703637123108, -0.33254557847976685, -0.9922489171796719, 1.6964530522727741e+18
0.025169432163238525, -0.7924754619598389, -1.0180316230643776, 1.696453052282647e+18
-0.37695324420928955, -0.2597334384918213, -0.9179508285536192, 1.6964530522934958e+18
-0.12532633543014526, -0.38817495107650757, -1.083243429126321, 1.696453052302657e+18
-0.09058308601379395, -0.567538857460022, -0.9782366910077249, 1.696453052312809e+18
0.1939002275466919, -0.03153747320175171, -0.7860908496667792, 1.696453052325476e+18
0.05692112445831299, -0.20946729183197021, -1.3781841675408093, 1.6964530523327148e+18
-0.09752178192138672, -0.13992434740066528, -0.944101302755196, 1.6964530523433303e+18
-0.4413653612136841, -0.2943001389503479, -1.0556814717945913, 1.6964530523528468e+18
-0.012051701545715332, -0.5006334781646729, -1.0134895664335992, 1.6964530523627768e+18
0.0008178353309631348, -0.5877251029014587, -0.9191602768014172, 1.6964530523737508e+18
-0.055468976497650146, -0.6789675354957581, -1.081766428840247, 1.6964530523829343e+18
-0.13579308986663818, -0.5948384404182434, -0.9804113791001815, 1.6964530523928466e+18
0.15423744916915894, -0.3006709814071655, -0.7402037483196678, 1.6964530524058813e+18
-0.2008134126663208, 0.27116554975509644, -1.410832685575693, 1.6964530524127698e+18
0.3439680337905884, -0.09532296657562256, -0.9766084137613137, 1.6964530524228076e+18
-0.042074501514434814, -0.6408841609954834, -0.9774961170995459, 1.6964530524328384e+18
-0.44548046588897705, -0.5569579601287842, -0.9703043188976516, 1.69645305244281e+18
0.04239070415496826, -0.3612045645713806, -0.8990373362065893, 1.6964530524534948e+18
-0.05519956350326538, -0.031684041023254395, -1.035153798504302, 1.6964530524628406e+18
0.34147095680236816, -0.3528057932853699, -0.959954370609533, 1.6964530524730867e+18
-0.019474327564239502, -0.6079285144805908, -0.7894727297768248, 1.6964530524855923e+18
-0.25171756744384766, -0.3313361406326294, -1.347471211623557, 1.6964530524928748e+18
-0.3071020245552063, -0.34148603677749634, -0.981652243457579, 1.696453052502904e+18
0.04990983009338379, -0.23062562942504883, -0.9958073272490457, 1.696453052512926e+18
0.6511191129684448, -0.7193037867546082, -1.0108638249039632, 1.6964530525229097e+18
0.32430028915405273, -0.6440030336380005, -0.8919580230767259, 1.6964530525341425e+18
0.03601628541946411, -0.4386388659477234, -1.1099408197334724, 1.6964530525429755e+18
-0.35331106185913086, -0.43284720182418823, -0.9633943017945714, 1.6964530525530076e+18
-0.3259350657463074, 0.1758747100830078, -0.7665009131632601, 1.6964530525655818e+18
-0.10692620277404785, 0.09069573879241943, -1.3061695671187947, 1.696453052572985e+18
0.30013155937194824, -0.2422146201133728, -0.9682534757431481, 1.6964530525830118e+18
-0.04638487100601196, -0.40313899517059326, -0.9739415147672994, 1.696453052593063e+18
-0.3734048008918762, -0.6395264267921448, -0.982226971991797, 1.6964530526030748e+18
-0.18573498725891113, -0.27142977714538574, -0.939325904773647, 1.6964530526134956e+18
-0.2346663475036621, -0.7746848464012146, -1.0243566516910856, 1.6964530526230525e+18
0.2854676842689514, -0.7369000315666199, -0.9623608548189352, 1.696453052633191e+18
0.08379185199737549, -0.27302438020706177, -0.7765935135401942, 1.696453052645679e+18
-0.07003277540206909, -0.39909547567367554, -1.3051191518713208, 1.6964530526531208e+18
-0.2588855028152466, 0.20856964588165283, -0.96859770680539, 1.696453052663154e+18
-0.38592731952667236, -0.046347200870513916, -0.9681336689340333, 1.6964530526732152e+18
-0.13994050025939941, -0.4242209196090698, -0.9744421192580047, 1.6964530526831613e+18
-0.22960078716278076, -0.3638661503791809, -0.8877971250144502, 1.6964530526939773e+18
0.12164813280105591, -0.6648728251457214, -1.0382246357518166, 1.6964530527032036e+18
-0.16426348686218262, -0.04479539394378662, -0.9586794806513378, 1.6964530527131968e+18
-0.12683892250061035, -0.4032214879989624, -0.7587005718493575, 1.6964530527259236e+18
-0.22492152452468872, -0.7540789842605591, -1.3249381812477095, 1.6964530527332227e+18
-0.04588115215301514, -0.13165438175201416, -0.9609890450895366, 1.6964530527432486e+18
0.058662593364715576, -0.4762398600578308, -0.960505514198139, 1.6964530527533276e+18
0.17445021867752075, -0.2315959334373474, -0.9827374090657838, 1.6964530527633034e+18
0.3700917959213257, -0.45998120307922363, -1.087114972765104, 1.6964530527724844e+18
-0.025425732135772705, -0.6367860436439514, -1.0246143853612837, 1.6964530527823122e+18
-0.019535183906555176, 0.050627171993255615, -0.9974544762012181, 1.6964530527923768e+18
-0.40879958868026733, -0.6453551054000854, -0.801774225039053, 1.6964530528047844e+18
0.05703318119049072, -0.6746036410331726, -1.2962404323496535, 1.6964530528123648e+18
0.04941684007644653, -0.20729297399520874, -0.9771160233213068, 1.696453052822383e+18
-0.05352813005447388, -0.3547285199165344, -0.8889466110751645, 1.6964530528334484e+18
0.04842495918273926, 0.10009235143661499, -0.9975485724096064, 1.6964530528434314e+18
-0.23717397451400757, -0.5231279134750366, -0.9600868745293887, 1.696453052853955e+18
0.16318798065185547, -0.5327818989753723, -1.0548403191796574, 1.696453052863502e+18
0.09887802600860596, -0.1877140998840332, -1.0028926926310542, 1.696453052873513e+18
-0.05178511142730713, -0.5981243252754211, -0.835178590327354, 1.696453052885509e+18
-0.2106819748878479, -0.31349629163742065, -1.2367904229979643, 1.6964530528934963e+18
-0.002767503261566162, -0.4259958267211914, -0.9798817117945995, 1.6964530529034913e+18
-0.13134795427322388, -0.3018813133239746, -0.9714792303155871, 1.6964530529135299e+18
-0.2671552896499634, -0.1771342158317566, -0.9749840704721668, 1.696453052923549e+18
0.2449386715888977, -0.6455440521240234, -0.9551543378052255, 1.696453052933851e+18
-0.07793200016021729, -0.418737530708313, -1.0070447419111273, 1.6964530529435727e+18
0.10271728038787842, -0.17210537195205688, -0.9664009004617724, 1.6964530529535913e+18
-0.121623694896698, -0.32631391286849976, -0.8028077482671838, 1.6964530529654994e+18
-0.3610870838165283, -0.41667449474334717, -1.125336177735734, 1.6964530529738793e+18
-0.11382859945297241, -0.4316898584365845, -0.964272495898887, 1.696453052983604e+18
0.08293312788009644, -0.014932811260223389, -0.9362222970416335, 1.6964530529936637e+18
0.2069767713546753, 0.06979697942733765, -0.9634134520429748, 1.696453053003634e+18
-0.07714235782623291, -0.37724852561950684, -0.9770038762875859, 1.6964530530136893e+18
-0.17508059740066528, -0.6418027877807617, -0.9845727699422131, 1.6964530530237852e+18
-0.06737041473388672, -0.4687068462371826, -1.004030883140355, 1.696453053033776e+18
-0.04990333318710327, -0.33030301332473755, -0.8280386457776568, 1.6964530530459215e+18
-0.19732195138931274, -0.3930692672729492, -1.2753265260434434, 1.6964530530537288e+18
0.13541853427886963, -0.5612084269523621, -0.980451697396992, 1.6964530530637704e+18
-0.3462288975715637, -0.5530352592468262, -0.9759930332401934, 1.6964530530737912e+18
-0.05974096059799194, -0.3017948269844055, -0.9821098728916569, 1.6964530530838213e+18
0.5114607810974121, -0.0401151180267334, -1.0119715825006217, 1.6964530530937882e+18
-0.0871286392211914, -0.41869330406188965, -1.02338578969579, 1.6964530531037888e+18
0.05406606197357178, -0.7707967758178711, -1.024766557002856, 1.6964530531137615e+18
-0.20319366455078125, -0.581882894039154, -0.8639327027097313, 1.6964530531255519e+18
-0.03985929489135742, -0.4117567539215088, -1.2222073816630856, 1.696453053133842e+18
-0.08298641443252563, 0.13801556825637817, -1.013655514949481, 1.6964530531438328e+18
-0.2185552716255188, -0.2654183506965637, -0.9993377933608877, 1.696453053153891e+18
-0.20747363567352295, -0.4478817582130432, -0.9928999236447161, 1.6964530531638548e+18
-0.47351962327957153, -0.27830958366394043, -0.9766356485757047, 1.6964530531739128e+18
-0.07044190168380737, -0.4747436046600342, -0.9882620707613592, 1.6964530531838753e+18
0.09895563125610352, -0.40255433320999146, -0.9693970502367261, 1.6964530531941568e+18
0.3748878836631775, -0.6446951627731323, -0.8866788335460466, 1.6964530532055055e+18
0.12247854471206665, -0.3904576897621155, -1.1880514539693787, 1.6964530532138808e+18
-0.11791044473648071, -0.1257115602493286, -0.9745467046021347, 1.69645305322392e+18
-0.35326963663101196, -0.3895200490951538, -0.9529507758520224, 1.696453053234038e+18
-0.28919517993927, -0.19654977321624756, -0.9569401549007733, 1.69645305324401e+18
0.10262668132781982, 0.18091660737991333, -0.9514977475748249, 1.6964530532540232e+18
0.32628363370895386, -0.5955582857131958, -0.9237417581242043, 1.6964530532643182e+18
0.11031043529510498, -0.5607783198356628, -0.9624222646189564, 1.696453053274189e+18
-0.04739600419998169, -0.16792261600494385, -0.8492936420127672, 1.696453053285498e+18
-0.38212859630584717, -0.015917718410491943, -1.088471376669328, 1.696453053294319e+18
-0.28719568252563477, -0.8387418389320374, -0.975039309527983, 1.6964530533040855e+18
0.537598729133606, -0.7816569805145264, -0.9459181881770002, 1.6964530533140675e+18
0.5669488906860352, -0.19228190183639526, -0.9453669113510333, 1.6964530533240474e+18
0.3764846920967102, 0.02211052179336548, -0.9488777347627545, 1.6964530533341645e+18
-0.4607241153717041, -0.1062590479850769, -0.9832692032485656, 1.696453053344078e+18
-0.43075644969940186, -0.6518990993499756, -0.9740918150702383, 1.6964530533541302e+18
-0.3422313928604126, -0.29808658361434937, -0.8023188404123578, 1.696453053366286e+18
-0.20802277326583862, 0.09768462181091309, -1.2472183499317884, 1.6964530533741071e+18
0.3503769636154175, -0.4865582585334778, -0.9746799272117296, 1.6964530533841708e+18
0.13214236497879028, -0.7093825936317444, -0.9796020657142737, 1.696453053394172e+18
0.08926689624786377, -0.6418566703796387, -0.9670330443061058, 1.6964530534042865e+18
-0.4463464021682739, -0.2758745551109314, -0.9880557879591186, 1.6964530534141852e+18
-0.1980472207069397, -0.07411849498748779, -0.9763843296629123, 1.696453053424262e+18
0.3667067885398865, -0.531938374042511, -1.0068078458745606, 1.6964530534342328e+18
0.1837615966796875, -0.8187415599822998, -0.9045321313083549, 1.6964530534455025e+18
0.11430132389068604, -0.37708359956741333, -1.171031953633991, 1.6964530534542062e+18
-0.1370297074317932, -0.3724990487098694, -0.9919233799780655, 1.6964530534644334e+18
-0.40137559175491333, -0.3329506516456604, -0.8900799172661782, 1.6964530534757391e+18
-0.16623765230178833, -0.20318752527236938, -1.1461163605151383, 1.696453053484446e+18
-0.3052811026573181, -0.05373501777648926, -0.9976199736042145, 1.6964530534943524e+18
-0.26169490814208984, -0.17675727605819702, -1.0841112247988969, 1.6964530535033567e+18
0.04770994186401367, -0.47382646799087524, -0.8713498354071374, 1.6964530535145044e+18
-0.09895128011703491, -0.5307949781417847, -0.8773849611630056, 1.6964530535256292e+18
0.3425057530403137, -0.39271414279937744, -1.1249967449217506, 1.69645305353441e+18
0.3858610987663269, -0.35328978300094604, -0.9920357562018437, 1.696453053544438e+18
0.16616857051849365, -0.4324408173561096, -0.799798107213457, 1.6964530535568282e+18
-0.15671181678771973, -0.3986465334892273, -1.2909776615181237, 1.6964530535644342e+18
-0.41359490156173706, -0.24183595180511475, -1.084098806676889, 1.6964530535734016e+18
0.0006532073020935059, -0.01889026165008545, -0.8759353817042576, 1.6964530535844572e+18
0.084261953830719, 0.11311370134353638, -0.9735301566936536, 1.696453053594494e+18
-0.28152745962142944, -0.4707612991333008, -0.8858246606660755, 1.696453053605568e+18
-0.07931959629058838, -0.8482293486595154, -1.0895585245989217, 1.696453053614492e+18
0.07079100608825684, -0.7257950305938721, -0.955571785357537, 1.6964530536246433e+18
0.0867491364479065, -0.5391209721565247, -0.7857065187820947, 1.6964530536370112e+18
0.13843536376953125, 0.0632098913192749, -1.3032288803907945, 1.6964530536445263e+18
0.05465960502624512, -0.5908417701721191, -0.9790570159433608, 1.696453053654581e+18
-0.10697680711746216, -0.4219408631324768, -0.9817069299473629, 1.6964530536645632e+18
-0.08043897151947021, -0.22925293445587158, -0.9783901368474848, 1.6964530536746004e+18
-0.1578788161277771, -0.21724998950958252, -0.8613787840630635, 1.6964530536861128e+18
0.17856770753860474, -0.08923059701919556, -1.1766542102676776, 1.6964530536946081e+18
0.1342906951904297, -0.6072173714637756, -0.9939181234963133, 1.696453053704677e+18
0.007752656936645508, -0.5361664295196533, -0.7792749552338882, 1.696453053717326e+18
-0.06651026010513306, -0.21277093887329102, -1.31928783566741, 1.6964530537247007e+18
-0.28799277544021606, -0.3264322876930237, -0.9608786208811684, 1.69645305373477e+18
0.013611197471618652, -0.12084853649139404, -0.9722140686478626, 1.6964530537446738e+18
-0.13964694738388062, -0.2653329372406006, -0.9627371137085067, 1.6964530537546975e+18
0.034150540828704834, -0.4090580344200134, -0.8877330061910775, 1.6964530537655363e+18
0.2463761568069458, -0.2117840051651001, -1.0423094184234294, 1.6964530537747064e+18
0.019940435886383057, -0.5747591853141785, -0.9427385978348268, 1.6964530537848678e+18
-0.06513738632202148, -0.23798906803131104, -0.7670227022847024, 1.696453053797349e+18
-0.30346226692199707, -0.16777223348617554, -1.2772521323729522, 1.696453053804812e+18
-0.2002517580986023, -0.5344730019569397, -0.944730876510666, 1.6964530538147948e+18
-0.08706879615783691, -0.40286022424697876, -0.9349113934274852, 1.6964530538248064e+18
0.06743407249450684, -0.611854076385498, -0.9419612558706812, 1.6964530538348114e+18
0.2548854351043701, -0.22879326343536377, -0.893103825568714, 1.6964530538455478e+18
-0.1334059238433838, -0.0942772626876831, -1.0632431733793601, 1.6964530538548178e+18
-0.45789849758148193, -0.7241424918174744, -0.9936392763456235, 1.6964530538648873e+18
-0.08135157823562622, -0.32889723777770996, -0.761014798756512, 1.6964530538781036e+18
0.14120280742645264, -0.19960790872573853, -1.5029954816652122, 1.696453053884875e+18
0.16056400537490845, -0.3843880295753479, -1.0132445907600471, 1.696453053894935e+18
0.5750150084495544, -0.6578826904296875, -1.0147821363155687, 1.6964530539048998e+18
0.26428043842315674, -0.4484201669692993, -1.0038904526467234, 1.6964530539148936e+18
-0.23993444442749023, -0.11848413944244385, -0.9111420212432928, 1.696453053925844e+18
-0.17836344242095947, -0.17752009630203247, -1.1057133368599454, 1.696453053934937e+18
-0.036400020122528076, -0.5160906910896301, -1.0034340880195654, 1.6964530539449843e+18
0.2650105953216553, -0.4337301254272461, -0.773258129222521, 1.6964530539577871e+18
0.10390597581863403, -0.26430392265319824, -1.3441049504100262, 1.6964530539649948e+18
-0.028060078620910645, -0.5050317049026489, -0.953240233757723, 1.696453053974989e+18
-0.3282266855239868, -0.4505611062049866, -0.9452233527367623, 1.696453053985008e+18
-0.1462908387184143, -0.35873061418533325, -0.9544265486350691, 1.696453053994996e+18
0.19679778814315796, -0.11384642124176025, -0.860001828373773, 1.6964530540062548e+18
-0.03816491365432739, -0.3239986300468445, -1.1172485253477549, 1.696453054015075e+18
0.002650141716003418, -0.7138494849205017, -0.9868414455226491, 1.6964530540251136e+18
-0.2576925754547119, -0.6570853590965271, -0.7491389567373974, 1.696453054038249e+18
-0.3641272187232971, -0.025092601776123047, -1.4380526372244697, 1.696453054045083e+18
