imu_ax, imu_ay, odom_v, odom_w, kf_ax, kf_ay, kf_vx, kf_w, x, y, stamp, 
-0.07493225429893734, -0.0003450273050812759, 1.393843512892248e-06, -8.393494642124498e-08, -0.03746612714946867, -2.924804514355268e-14, 6.96921756446124e-07, -4.196747321062249e-08, 0.0, 0.0, 98536000000, 
-0.06685921141422599, -0.028491152740883374, 1.4144471254291885e-06, -8.595928215038263e-08, -0.05506735156518158, 1.388691537314031e-10, -0.0017298915142466356, -8.027622113163573e-08, 8.663505002933251e-05, 0.0, 98740000000, 
-0.06935590903045713, 0.03355165807145734, 3.413947423138788e-06, -7.203605476260855e-08, -0.06378360315236728, 1.0442975573745828e-07, -0.0029176426432396367, -3.5792510772156645e-05, 0.00014531482852640632, 7.723247993691867e-11, 98842000000, 
-0.2196521885600971, 0.013749862031342769, 0.03351278343589464, 2.5853839567155243e-05, -0.15955783154777456, -3.5011072322766613e-07, 0.015563131289458687, -2.2496162032945468e-05, 0.00149054628344468, -1.3701612221513818e-09, 98910000000, 
3.357628675168338, -0.00031270398662733637, 0.13370107666510953, -0.02887546917145734, 2.014206325181319, -0.0021345390473427265, 0.11956002327084715, -0.01785328397358384, 0.004708653421440834, -5.810599575394358e-07, 99012000000, 
-0.060334712033199595, -0.1076436498101551, 0.2021975933053712, -0.5078391490319241, 0.7315543776720248, -0.07370607314255527, 0.22636522118789126, -0.32560687881190276, 0.01430309189439013, -9.904156333120062e-05, 99114000000, 
-0.08790376084140653, -0.2547273822467711, 0.2746364737184965, -0.9847246320977142, 0.22534781399624038, -0.2142258964857244, 0.288819252304676, -0.7417299739414085, 0.037622410267751226, -0.0008560009936249347, 99216000000, 
-0.03611659336379368, -0.5213633489811398, 0.31129307928618444, -1.9238125463924898, 0.06437701161073628, -0.49145258821132387, 0.3321004934606495, -1.4798309484281327, 0.06679744897535038, -0.003833603317209263, 99318000000, 
0.025321496637845768, -0.6876688836799046, 0.3402676743996902, -2.0052402415170367, 0.04091488846665485, -0.6624342414261768, 0.3661049814238988, -1.8094106200078435, 0.09916127015851889, -0.010723557545615098, 99420000000, 
0.048891604651840406, -0.699551909373838, 0.3608701403423969, -1.9266098608991744, 0.04586621138976163, -0.6944193644302666, 0.36884964135182396, -1.8826624363392044, 0.1327291813271364, -0.023752015268346, 99522000000, 
-0.014243458566751317, -0.7166057734188445, 0.38614647530324075, -1.8024023605194694, 0.008995038716362577, -0.7098013752067099, 0.3869633873581768, -1.8342856156303784, 0.16486599157013995, -0.0433305251136657, 99590000000, 
0.0011571737302321396, -0.7063029640056822, 0.40523576238777803, -1.6437857261401894, 0.004448066679338257, -0.6978696290373894, 0.4061747442270359, -1.7181512119013174, 0.19472541738609594, -0.0699624087374937, 99692000000, 
0.04070190450900539, -0.5755519676823336, 0.42130392937440553, -1.2455749055218472, 0.026689706644361915, -0.5858696119899457, 0.4112132846863897, -1.4247341557478062, 0.22169388632915327, -0.1035930080330533, 99794000000, 
0.1446695218428086, -0.5449418923236298, 0.42734841810718377, -1.032672073530549, 0.09988360121872837, -0.5230168245208525, 0.4405660251265683, -1.1871474301056177, 0.24332847170465713, -0.14153747213179255, 99896000000, 
0.049380514133536876, -0.41775097807518, 0.4003460083793153, -0.823922682001451, 0.06810356792932497, -0.415928535854481, 0.43047619114716007, -0.9662056680674683, 0.2605325343178921, -0.18368450652719737, 99998000000, 
0.045190413042143794, -0.37707135021543237, 0.3855735203577153, -0.7258587673941159, 0.05360280762451963, -0.35184449399613593, 0.42572884563668345, -0.8264520894043427, 0.2725800507457866, -0.2260152004779545, 100100000000, 
0.07911648877732709, -0.32534876851041167, 0.37858959496016187, -0.6914209244700283, 0.06891898483755551, -0.30837700926777245, 0.4115710424642656, -0.7492679937377933, 0.2803990556865632, -0.2678448150455809, 100168000000, 
0.06118010048922983, -0.3277390599093014, 0.36680890350963474, -0.7020543409422811, 0.06384273597258218, -0.2941652021431809, 0.4033408986422248, -0.7293215320673794, 0.28460599424280897, -0.3083523524172097, 100270000000, 
0.031283186092990536, -0.3220573666773012, 0.3470166973033489, -0.7380090643602492, 0.043324847410711326, -0.2875332814809839, 0.3866839984564182, -0.7435872253022405, 0.28568129422006544, -0.34757196421866515, 100372000000, 
0.04993046289908817, -0.34216333882210587, 0.3286023640715333, -0.8203682510085466, 0.04709521061612367, -0.29792998739048593, 0.37189246312069757, -0.8011186483598965, 0.28385982826864187, -0.38483571657312665, 100474000000, 
0.13107871111746022, -0.2906254188068885, 0.30136456921144744, -0.8036091718226155, 0.09829214082848726, -0.27460794696162727, 0.3402495122435741, -0.8070781502400626, 0.2794399022276686, -0.4199446094929279, 100576000000, 
0.007636683353981506, -0.2499082399470698, 0.2927180537868975, -0.7109721506243885, 0.04173970746180953, -0.24114099618911333, 0.3211088068621271, -0.7509635084304954, 0.2727672096048981, -0.4525839698453596, 100678000000, 
-0.08654758151528895, -0.25650099280853, 0.29420307518232397, -0.6863281300225779, -0.03762013064984047, -0.22848669462401994, 0.3186766943630872, -0.7169858940600518, 0.2638830398156321, -0.48357760354112855, 100780000000, 
-0.06107132297176213, -0.2616337957447953, 0.29128349564092737, -0.7137291971841848, -0.052094484578306156, -0.22740068368196678, 0.31510722481131276, -0.721661281546734, 0.2528226050083802, -0.513466325744269, 100848000000, 
-0.07797959038171509, -0.21444613403491153, 0.27875452118371563, -0.5682799575109619, -0.06825674421967448, -0.19158409592968725, 0.3029584145720452, -0.6323775367002639, 0.23978186695249096, -0.5425229443062662, 100950000000, 
-0.1117659119257039, -0.22260196697294454, 0.2721664650860267, -0.5105349946420886, -0.09505480156700317, -0.1712119095241037, 0.30190178626754083, -0.5671112835761041, 0.2251812457465995, -0.5699353380713141, 101052000000, 
-0.07849561609694997, -0.21474034070598777, 0.2634873734748303, -0.4845151976811333, -0.08478675705937755, -0.1560376932845033, 0.2959081620564781, -0.5273179766319571, 0.2091810280098087, -0.5960058201075396, 101154000000, 
-0.05803361968172632, -0.21181672262028817, 0.24691304772011358, -0.4308877079590639, -0.0682888952403683, -0.13841698844628225, 0.2874199681119, -0.4815844541197393, 0.1922225189713794, -0.6205412649015727, 101256000000, 
-0.10209389413442758, -0.16424798273647037, 0.23688611295385742, -0.39106533280287353, -0.08939863966511968, -0.11675117756118589, 0.2685428558624761, -0.43475808427752594, 0.17489651630906494, -0.6430860974212032, 101358000000, 
-0.08368785000264699, -0.16556702291842829, 0.23593084381757304, -0.4277475970397849, -0.0858824465773909, -0.11367169368021518, 0.25892758334489807, -0.43900959570151943, 0.1575837791931124, -0.663529420387939, 101426000000, 
-0.0012734084409456205, -0.11394378479278708, 0.2303097957809892, -0.3608572632233367, -0.03375618913125991, -0.09631273602447848, 0.24443338728766825, -0.3940244706060967, 0.1401915494435308, -0.6823998406230184, 101528000000, 
-0.008104688332850251, -0.10290628423534491, 0.223466905286617, -0.3597675979862933, -0.018038791076209613, -0.0879941872345237, 0.234446623821751, -0.3753271674384417, 0.12310157036019866, -0.699434249026797, 101630000000, 
0.04784068300170265, -0.11186605764290009, 0.21879659954884373, -0.3519809940875848, 0.022615199845992258, -0.08441205065002155, 0.2312876541104167, -0.3649656570502602, 0.10596758710221627, -0.7152437374262719, 101732000000, 
0.030071473387722758, -0.11028271313637555, 0.21876619230693714, -0.3481512874108262, 0.027169630091394885, -0.08275417258150221, 0.23079063165535724, -0.35856816192210145, 0.08850817817417236, -0.7301962973828665, 101800000000, 
-0.007315462795591112, -0.064436278933776, 0.20461466722229962, -0.2664294701266791, 0.0055544102550961, -0.06522888971207984, 0.21594694734315523, -0.30205979067824673, 0.07104825262068487, -0.7441315543471759, 101902000000, 
0.04593101179796153, -0.1133524185937384, 0.20999885771414153, -0.28616418904846763, 0.030576548718856324, -0.06617796588968244, 0.22169264416681433, -0.2985122313751029, 0.053529684087891514, -0.7571677728288919, 102004000000, 
0.010943094421876357, -0.07411117049951281, 0.20720280561022614, -0.27882741532322314, 0.0182996264325645, -0.062235884294086025, 0.21603299014951707, -0.28808509409147365, 0.035711331434707796, -0.7696083897245883, 102106000000, 
0.04713062767841711, -0.07534075802285317, 0.1952794403592156, -0.2632864291153616, 0.03592344620540218, -0.05716553374558774, 0.2076243483108442, -0.2753315505173918, 0.018144745094143565, -0.7811210973332245, 102208000000, 
0.033534769297357686, -0.06505749739918028, 0.1908845649087323, -0.2490150823924043, 0.0342683403196096, -0.052414266561879426, 0.2009499669331368, -0.26083242192978073, 0.0009395173848764092, -0.7917224970512805, 102310000000, 
0.011470606594870345, -0.07407668969689299, 0.19451497124615152, -0.22360993130405457, 0.020150063113116345, -0.04875365541305113, 0.20224301676720174, -0.24106471606468655, -0.016402689389104854, -0.8017953427483333, 102378000000, 
-0.03835883882931003, -0.07216898541504253, 0.18998937509839456, -0.21441387005003681, -0.016073992840993208, -0.045357587731862936, 0.19891459464129554, -0.22802543882542492, -0.033975695623505844, -0.811417553869983, 102480000000, 
-0.03281704206675356, -0.06435308848892887, 0.18594181113202396, -0.2034997967563238, -0.026482431729696602, -0.04171771662168401, 0.19338202009049396, -0.21572696676848255, -0.05148357918861642, -0.8204781753176088, 102582000000, 
-0.062276529223022625, -0.0682844459273479, 0.1857830931427194, -0.20431959478477532, -0.04858138845484396, -0.040497239721733184, 0.19101645797045338, -0.21200916482284127, -0.06892478853211825, -0.829019243555649, 102650000000, 
-0.017810525389862636, -0.09407363393534258, 0.18463429175974067, -0.3094164944777699, -0.02949383597262154, -0.05277838316646258, 0.19066026263002744, -0.276818999609153, -0.08636567714515254, -0.8370469103876168, 102752000000, 
-0.07836463184772488, -0.09169625032224021, 0.16764509827849763, -0.16402218689569797, -0.059742529166979086, -0.03931768127368593, 0.18409461859704473, -0.21357322431975256, -0.10382036251143725, -0.8446566628357827, 102854000000, 
-0.10708694033837238, -0.06711635293756528, 0.1701194434600986, -0.1365488922086458, -0.08899076159016192, -0.03028603096886958, 0.17779176069172167, -0.1703455258614791, -0.12100335015652725, -0.8516522376971292, 102956000000, 
-0.11097498272066031, -0.097104494551089, 0.1618327890021246, -0.16143705913992296, -0.10252308430152887, -0.029521916596805052, 0.17139415016201423, -0.17224576549957385, -0.13777256481650424, -0.8580822256394292, 103058000000, 
-0.09148396489746828, -0.10992701781417993, 0.15514526160786957, -0.11439720603762055, -0.09561310052414651, -0.024288104065403576, 0.16675971632951278, -0.14564730979399682, -0.15420850234324335, -0.8640845269644133, 103160000000, 
-0.08137877328520252, -0.0936030079688257, 0.1575928469540589, -0.09292115761250487, -0.08670425569268601, -0.01983566208641356, 0.16430472094903306, -0.12072484571253761, -0.17037338181976494, -0.8697026365441946, 103262000000, 
-0.03768879867739717, -0.05842664665402973, 0.15453724798906093, -0.09894780015210014, -0.05638774672754128, -0.017666557561824153, 0.15854074771778118, -0.1114322835998758, -0.18606638243682183, -0.8749139677328144, 103364000000, 
0.007296017537767249, -0.06704218661572599, 0.1518432320375693, -0.10293009325448203, -0.017003547496380937, -0.017360501730977366, 0.15634133427288716, -0.11104230248333014, -0.2012687675656882, -0.8797629820916106, 103466000000, 
-0.02829585970442175, -0.05897060416144614, 0.14930232238113517, -0.0958641540857411, -0.02398521405453399, -0.016310063356700485, 0.15416070636869267, -0.10579909589732375, -0.2162090065713928, -0.8843492306448167, 103534000000, 
-0.03739487259371768, -0.02050964179378434, 0.14654350044309927, -0.09667487105809586, -0.03231718382259757, -0.014981884048939681, 0.1487667939442259, -0.1007071783408637, -0.2308450000928151, -0.8886687609491554, 103636000000, 
0.006936752522816784, -0.051791857115364326, 0.14409930901899126, -0.09706296631101838, -0.008046359174126463, -0.015004970625805887, 0.14734945590324158, -0.10183254857526616, -0.2451986974541535, -0.8927422659791338, 103738000000, 
-0.003286134614738659, -0.0383220230302961, 0.1421282671028247, -0.09195593930280384, -0.005126765865964983, -0.014238239455292689, 0.14538691276321405, -0.09793343282886782, -0.2593399727026015, -0.8966034964769075, 103840000000, 
-0.04699689105963826, -0.06841966328876713, 0.13446745790664466, -0.08284640905204668, -0.03104242200478914, -0.013227906219578148, 0.14134801458866672, -0.09358395487953859, -0.27326529388837, -0.9002576764171424, 103942000000, 
-0.07377404855684745, -0.03571628594847999, 0.13197192974326483, -0.07687324001264462, -0.057479842569175224, -0.01155598167836567, 0.13532831220127006, -0.08539219539795027, -0.28687241974394884, -0.9036924906521748, 104044000000, 
-0.059524541469716585, -0.05097926905446747, 0.134670634695843, -0.07221429636504939, -0.058653295783645656, -0.010868252313550977, 0.1348326895224635, -0.0806054700239462, -0.30034052628185814, -0.9069657705440785, 104146000000, 
-0.06006777471544794, -0.03155710586227266, 0.13198266584076981, -0.06538006705913461, -0.059476799400717525, -0.009634911299872493, 0.1319213385145445, -0.07303527547827475, -0.3136503563759939, -0.9100851681048918, 104248000000, 
-0.0596597146512272, 0.0038326702017192, 0.1292368976570604, -0.06015455693412529, -0.059564796302137527, -0.008172019557352332, 0.12746020516408363, -0.06411428215443579, -0.3266103566419109, -0.9130190887483497, 104350000000, 
-0.0724341741552394, -0.029241561573049073, 0.12674838158004678, -0.05692910565419938, -0.0674444400066806, -0.007700357398068762, 0.12547098722797148, -0.06137161720165462, -0.3393208457402781, -0.9158041075360349, 104452000000, 
-0.08340310027073863, -0.04345164050531818, 0.12453764522110111, -0.054525559809698275, -0.07721759170254872, -0.007403363737565047, 0.12352509136248882, -0.05993408833707809, -0.351908502054604, -0.9184794926071854, 104554000000, 
-0.05374115573460855, -0.035117249282075304, 0.12184351059047001, -0.0545472082673412, -0.06263512830227644, -0.007097770099948053, 0.12082871124256248, -0.05874241334660392, -0.3642699482078927, -0.921028108595324, 104622000000, 
-0.028966679870629303, -0.01604861939779056, 0.11955611590001523, -0.05266839748377991, -0.041780008591937326, -0.006592076417921661, 0.11835461971334006, -0.05569766886909824, -0.3762911616769539, -0.9234329302279523, 104724000000, 
-0.04282709245945211, -0.01707164633373944, 0.11750574207081985, -0.05087976894711104, -0.04238543197834743, -0.006239809859494471, 0.11660106619956727, -0.05351417498031102, -0.38805822660380773, -0.9257171221316597, 104826000000, 
-0.03570747287491474, -0.08221692842561482, 0.11512754498505064, -0.04796805562690482, -0.03818873798383159, -0.006478635300671407, 0.11665109759955854, -0.055538571294985614, -0.39976380691804747, -0.9279218097293407, 104928000000, 
-0.031938510665885426, -0.009801553958851125, 0.10846626907573109, -0.04411738847657759, -0.03437141183029329, -0.00538663689735592, 0.11035347058659149, -0.04881257353051861, -0.4110803680378664, -0.9299916107552446, 105030000000, 
-0.06230212164289371, -0.04768247909250919, 0.1065192439269056, -0.04036956285562279, -0.05160631998864569, -0.005007393682199782, 0.1076676731161175, -0.04650786570635185, -0.4220385205432728, -0.9319368147429216, 105132000000, 
-0.059273514696482614, -0.03843885742823375, 0.10886302749010653, -0.03709821099990598, -0.056258906270216534, -0.004609585162911001, 0.10733627200532826, -0.042945269821576974, -0.4329541168071761, -0.9338221820286069, 105234000000, 
-0.04828352883511604, -0.001764118880604966, 0.10642101092514575, -0.03292161970547919, -0.05128398556663739, -0.003832657589372822, 0.10465881787820941, -0.03662049378230942, -0.4437057496975887, -0.9356308016580914, 105336000000, 
-0.10264908762010386, 0.021635798645661803, 0.1043266019421534, -0.02985301953493984, -0.08297101241604679, -0.0031275018475760987, 0.10140072025069241, -0.03084299440717969, -0.45423388409942417, -0.9373596818557117, 105438000000, 
-0.011564965310008862, -0.0045478067867922006, 0.10287976607517904, -0.028715468177512412, -0.03876058354223043, -0.0029608259581821185, 0.09993720273144963, -0.029626864443448794, -0.4645408893741701, -0.9390150786387041, 105540000000, 
-0.050189552994632215, 0.022319634233679313, 0.10110218183506198, -0.027238055133237352, -0.045774947636375865, -0.0026241240911451633, 0.09860513716601309, -0.02661244805863561, -0.47458687413162576, -0.9405982870101502, 105642000000, 
-0.030811047320649477, -0.029274050079936813, 0.09889569639712086, -0.027640752038181858, -0.03647321198422037, -0.002817390838373315, 0.09763371515515906, -0.02885674107449389, -0.4845253797951752, -0.9421341961685218, 105710000000, 
-0.05051900784491122, -0.018909138701136568, 0.09701712028247213, -0.02761430647972374, -0.04511243916679477, -0.0027899014305595047, 0.09600272266865978, -0.029060649042095054, -0.4943243543199425, -0.9436212403722141, 105812000000, 
-0.031027479234574353, -0.010619955130048412, 0.09529211166521857, -0.027049038880670544, -0.03636983639850989, -0.0026630721534964636, 0.09413582423124586, -0.028289677975885063, -0.5039573156093581, -0.9450548076805555, 105914000000, 
-0.06022106585664308, 0.014217386601363133, 0.09369574828647323, -0.026110008747000608, -0.05107391597932342, -0.0023883786846235545, 0.09193694032916995, -0.025978444312723822, -0.513400036165416, -0.9464331480029154, 106016000000, 
-0.12743383712834727, -0.018852054277535994, 0.08815684831076466, -0.02379482499805095, -0.09822246748460989, -0.002227843934340563, 0.08711545980704663, -0.025573462382854305, -0.5226467158348543, -0.9477570163279849, 106118000000, 
-0.04875743768994425, 0.007755833984541097, 0.08616806353144169, -0.02099635985923484, -0.0675774588293483, -0.001848573196555941, 0.08315661245368049, -0.02223002046392432, -0.5315475941382597, -0.9490088669952528, 106220000000, 
0.011799811777758441, 0.014638189668389152, 0.08804836768537998, -0.019288374124172954, -0.01842788108118188, -0.001648687183296909, 0.08422205632289896, -0.01957548004973907, -0.540128244162822, -0.9501948913559197, 106322000000, 
-0.05298083536010497, -0.0017402295499926415, 0.08630142110708053, -0.018111355356179238, -0.039729741570861246, -0.0015773823666215476, 0.08444604362408853, -0.018679174286047828, -0.5486577215744763, -0.9513554049898643, 106424000000, 
-0.05424948382446461, -0.005154860997152235, 0.0847281840628288, -0.01820248523386938, -0.048653028603335376, -0.0015414701548587381, 0.08299638996714107, -0.018572737386156415, -0.5572056877068224, -0.9525015384342084, 106492000000, 
-0.048074402333426094, -0.005069830292635149, 0.08348133090181459, -0.01711530136065852, -0.0482386317655643, -0.0014552219118438635, 0.08149109990707454, -0.0178574336768466, -0.5656376835247602, -0.9536163342838676, 106594000000, 
-0.05063931821311419, -0.024150407686248626, 0.08252835890971559, -0.01668698372285243, -0.0496556079983692, -0.0014715481412791505, 0.08052114338292932, -0.018275301112913932, -0.5739575245097936, -0.954700643437018, 106696000000, 
-0.04599594872348125, -0.010285308540053365, 0.08097192420600298, -0.016141516279308446, -0.04733637445356261, -0.0013754465010490681, 0.07904819815188323, -0.017400099347062725, -0.5821509082651934, -0.9557537348698959, 106798000000, 
-0.030043787834466897, -0.0021418406605407956, 0.07580085654715894, -0.014628076996363034, -0.036639043413016104, -0.001186837193127141, 0.07542720759245522, -0.015734868504476588, -0.5900318683115977, -0.9567525017437523, 106900000000, 
0.022795608303605913, 0.024905370430245072, 0.07425238992385023, -0.013343690346293175, 9.527313697310635e-05, -0.0009617243665251022, 0.0736778986000516, -0.013053091697764961, -0.5975331079960124, -0.9576908718954582, 107002000000, 
-0.07070806933724826, -0.03961184067313114, 0.07534157182270125, -0.013206421314513385, -0.04361682836372765, -0.0011067274208515989, 0.07427765662740221, -0.014899869908433668, -0.6050005953071131, -0.9586133861245849, 107070000000, 
-0.01853021018232521, -0.0028159911760212448, 0.07392319397421016, -0.012040140971552999, -0.028078538650764876, -0.0009606933236154132, 0.07267800584698883, -0.013218487662388392, -0.6124999432408319, -0.9595298499609849, 107172000000, 
-0.07470582144582869, 0.01818301380199622, 0.07275859573822142, -0.011296185082358688, -0.05685218527409018, -0.0007938631034079169, 0.07101286638616437, -0.011179144622763565, -0.6198637793358528, -0.9604196247733915, 107274000000, 
-0.057314953404645305, 0.006921016157663129, 0.0719790314541515, -0.011028016658934962, -0.057068972775435205, -0.0007458547115947444, 0.0693875873802513, -0.010749108590667404, -0.6271636340505561, -0.961292360800371, 107376000000, 
-0.2007201895742878, -0.021214878204779006, 0.06806693671870614, -0.010114132948086057, -0.14575299785554038, -0.0007304770001232221, 0.0650214430930527, -0.011234401535472392, -0.6343784447241023, -0.9621469239887696, 107478000000, 
-0.006683334977684574, -0.011768354795001549, 0.06651819490566502, -0.008921930617988467, -0.059680146388247396, -0.0006350084912941919, 0.06193664339567696, -0.010252549322660164, -0.6413037302777735, -0.9629595653260764, 107580000000, 
-0.016735424034889125, -0.012477671876470867, 0.06747626009012558, -0.008729666240252083, -0.03303113156504928, -0.0006212409376896939, 0.06361996292027841, -0.009764874249740842, -0.6478510528257517, -0.9637207523509974, 107682000000, 
-0.031357886841769135, -0.011613617873216431, 0.06606435102361005, -0.008685208814928425, -0.03193599290002984, -0.0006095395933016105, 0.06395925010574832, -0.009530124138319569, -0.654391013916442, -0.9644743497981113, 107784000000, 
-0.06334672231851664, -0.0036728257450843044, 0.06458810598320057, -0.008203149675895674, -0.05129768987357771, -0.0005549161592372261, 0.06282017399360422, -0.008833406913099645, -0.6609241950599463, -0.9652209165545848, 107852000000, 
-0.07474465825853768, 0.013383323937854215, 0.06342284048054248, -0.007564606337262337, -0.06572172909141309, -0.0004576275678614813, 0.060917121932580504, -0.007512297911381248, -0.6674030793388002, -0.9659554772980636, 107954000000, 
-0.08815271368522246, -0.013951074208052463, 0.06291883525612754, -0.007165773650188849, -0.07948596034908162, -0.0004642652507643182, 0.05947979553243989, -0.007805427819789847, -0.6738083707941144, -0.9666761558189134, 108056000000, 
-0.08447222037500365, -0.03240967844873303, 0.061955555802195014, -0.006665133469830952, -0.08245367187481448, -0.0004806025198449192, 0.05808673681375447, -0.008273877070868893, -0.6801287841908439, -0.9673823252116027, 108158000000, 
0.00825084963854144, 0.028466169677610585, 0.058229143843303396, -0.00592044075368174, -0.02634032265508414, -0.00032313963379667824, 0.05584100151061791, -0.005786780771387754, -0.6861157530571491, -0.9680468280880886, 108260000000, 
-0.06287592736772717, 0.0033399006806853204, 0.05662792396999573, -0.005642981178969823, -0.04887238116222329, -0.00030605840597254427, 0.054927529026081466, -0.0055720403120121656, -0.6918331432874597, -0.9686770981461684, 108362000000, 
-0.03401743254623439, 0.01052889536810648, 0.057630648334564626, -0.0055018482144218, -0.039617364685394056, -0.0002831571886022681, 0.05485846172912744, -0.005161595489140813, -0.697562734081225, -0.9693054646464551, 108464000000, 
-0.08604200373704889, -0.007258878757739406, 0.056443844065543695, -0.005022707250787793, -0.06823485463125523, -0.0002861295101852344, 0.053864915044652587, -0.005311982947490785, -0.7032761465270515, -0.9699288906859834, 108532000000, 
-0.08029965651542877, -0.008686664883495916, 0.055685383292862045, -0.004864473424604098, -0.07559581773897345, -0.00027794967292289595, 0.05229366979470136, -0.005315168623928916, -0.708972776943443, -0.9705474891639955, 108634000000, 
-0.037940190854020305, -0.024032335088337617, 0.05519134093213057, -0.004982642685654326, -0.052224845393543155, -0.0003036946553937289, 0.0516823409354923, -0.00587617839859049, -0.7145332834742262, -0.9711481826813231, 108736000000, 
-0.051045543120615815, -0.009838378842505435, 0.05432376042762511, -0.004760703934598305, -0.051413090548106624, -0.0002821542076113131, 0.05137559751850304, -0.005491988828153183, -0.719970624872711, -0.9717326514591307, 108838000000, 
-0.07488961631512478, -0.0031806656185323053, 0.050966503067998804, -0.004287185985729871, -0.0658644514588761, -0.00023685546156001602, 0.048927108100654704, -0.004840986331600633, -0.7252834605036327, -0.9723007456613074, 108940000000, 
-0.11526227163279595, 0.013667314446866582, 0.04968448690736374, -0.004116019560555955, -0.09630064283862534, -0.00018411153914210676, 0.04632616648218417, -0.003974245078381593, -0.7304759772338112, -0.9728533937713015, 109008000000, 
-0.019811300047331226, 0.014425453809345078, 0.05052512640006416, -0.0037260965703888255, -0.04890879199004623, -0.0001566429785719741, 0.046026374027178074, -0.0034033308485147693, -0.7355244012149377, -0.9733884072317962, 109110000000, 
-0.06871565785113996, -0.011420579350687474, 0.049640162703889296, -0.003275941642713128, -0.06105351284959529, -0.00016843518153796653, 0.04621612413544685, -0.0036445111893054676, -0.7404459061665448, -0.9739080325297392, 109212000000, 
-0.06058926524236783, 0.01539845937950845, 0.04867859761928477, -0.003070763894906856, -0.06067722476497944, -0.0001291886807251428, 0.04538500312824728, -0.0028465059341317256, -0.7453640540938848, -0.9744257012731607, 109314000000, 
-0.0526742056467429, -0.003917091700884739, 0.04609831204134931, -0.0029467108449270024, -0.055662369103955334, -0.0001314512463211525, 0.04360628589569452, -0.0030145022356543186, -0.7501266977018118, -0.9749252948926621, 109416000000, 
-0.029394036939902224, 0.01618611171575453, 0.04522609454721913, -0.0029528746568735524, -0.039361511131966266, -0.00010843243586762129, 0.04273485465027112, -0.002537330166558397, -0.7547065435128026, -0.9754044475430024, 109518000000, 
-0.07144508341154479, 0.01458806431412146, 0.04634768009356141, -0.0028270001550406427, -0.05910032606272696, -0.00010038065853525263, 0.04311175888992332, -0.0023283823513569283, -0.7592750899974523, -0.9758811449242754, 109620000000, 
-0.060848283720770883, -0.021046865409413442, 0.04538913973826706, -0.0026695173269964626, -0.06009339723956717, -0.00013091815538132282, 0.04228233754631463, -0.0030962847131599464, -0.7638769588712522, -0.9763600204708334, 109722000000, 
-0.06330835289499678, 0.023481594569575097, 0.044506512717619254, -0.0026114196831310225, -0.061993419414805816, -9.004820259768008e-05, 0.04129140673219508, -0.002180797645905077, -0.7683951156525101, -0.9768291831670444, 109824000000, 
-0.08970623317425792, 0.013225115047546112, 0.04396171188685684, -0.0025849887022349645, -0.0790184652958201, -8.420844105110412e-05, 0.04027382831004518, -0.0020908973540541384, -0.7728662296762768, -0.9772921970627928, 109892000000, 
-0.046397642974965944, 0.0003819071247530793, 0.04318611368742586, -0.002549109467963064, -0.05875504462710997, -9.30911281644403e-05, 0.03940955381153858, -0.00236214620976461, -0.777247838312474, -0.9777449246256942, 109994000000, 
-0.06313242421699118, -0.020745018434934162, 0.04205288387949708, -0.0023143082863796628, -0.06136880727095352, -0.00010997749288534687, 0.038792219997512686, -0.0028350399356468514, -0.7814972095478743, -0.9781829914474773, 110096000000, 
-0.07532914565274801, 0.015053859006337711, 0.04096563144140968, -0.0021563205067771526, -0.06990506266203643, -7.724428251907428e-05, 0.03762688093946204, -0.0020529015584191727, -0.785683926279, -0.9786136730253208, 110198000000, 
-0.03424610252379278, 0.013084462409042895, 0.03866075591029256, -0.0021757215662197974, -0.04779462034125105, -6.556001354824089e-05, 0.03596266525888016, -0.0018230020794149104, -0.7896926767760325, -0.9790249940933352, 110300000000, 
-0.05200212683430222, 0.002103685892006703, 0.037689780922231964, -0.0020090971400014055, -0.050325173668950215, -6.645204992978897e-05, 0.035164742820874416, -0.0018897351323821387, -0.7935210293606199, -0.9794170289266635, 110402000000, 
-0.015843783900194416, 0.0013988792551481223, 0.03863480602226309, -0.0016063587122945268, -0.028936824510582812, -6.017506697324474e-05, 0.03575719120889646, -0.0016828801407162276, -0.7973052687816329, -0.9798038652255452, 110504000000, 
-0.05972081640894317, -0.020555264560385703, 0.03789670063574495, -0.0016135770891839375, -0.04789860421856744, -7.4656993639563e-05, 0.035677111112693734, -0.002092573958797926, -0.8010867612987742, -0.9801896676179889, 110572000000, 
-0.07096939723522352, 0.004536330757779904, 0.03738956368539616, -0.0016714389702725593, -0.062080998924183325, -6.000309727853709e-05, 0.03466423565424498, -0.0017309799609324175, -0.8049062815774699, -0.9805787132753738, 110674000000, 
-0.04409508311965462, 0.017670002587815255, 0.03704873902018079, -0.001569104286691721, -0.050881149929375216, -4.248352848581773e-05, 0.03394605516924856, -0.0012515011913461801, -0.8086605541893829, -0.980960416004806, 110776000000, 
-0.02663779593731254, -0.005898517559271823, 0.036452689850651684, -0.001452786839834618, -0.03582621593358022, -5.0679327868306845e-05, 0.0338194109621876, -0.0014985278106992986, -0.8123005164974778, -0.9813298646684784, 110878000000, 
-0.06939986519757196, 0.00583876712508399, 0.03433542029525724, -0.0012337215020309688, -0.056521435381416144, -3.9289019292321155e-05, 0.03241567213305092, -0.0012120377800916302, -0.815855332148513, -0.9816902378366449, 110980000000, 
-0.02160712569245591, 0.012433324396329666, 0.03337046692664363, -0.0010570795892395402, -0.03488574337362741, -2.705026648676647e-05, 0.031211807138786088, -0.0008666677442445113, -0.8192936792367798, -0.9820383430781792, 111082000000, 
-0.03448892115565187, 0.020670373790004668, 0.033771384423203155, -0.0011612538840147968, -0.03457719997007079, -2.0437350697218828e-05, 0.03146073994675989, -0.0006496144315678644, -0.8226271261799432, -0.9823754794592984, 111184000000, 
-0.04939468180996506, 0.019958588175650785, 0.03322947477556933, -0.0011755729622459545, -0.04367503016577107, -1.8217512632119793e-05, 0.031074847144562646, -0.0005862462507818778, -0.8259703371731206, -0.9827133341851936, 111286000000, 
-0.04958172959192877, -0.005595354007891939, 0.032654223356357225, -0.0010700185026130424, -0.047260975867181955, -3.0088154002609843e-05, 0.030328969850077967, -0.0009920598738216786, -0.829293771992795, -0.9830489266739357, 111388000000, 
-0.07635984982783899, 0.0021157731508292055, 0.03221099260568779, -0.0011376469733151255, -0.0651656876521676, -3.0614669649620364e-05, 0.02938659129748941, -0.0010417904322314467, -0.8325921458975385, -0.9833817577141012, 111456000000, 
-0.038476107569259156, 0.0248969452936995, 0.03171440582730211, -0.0012106150527141815, -0.04858694056302984, -1.984456285606999e-05, 0.028610279178132053, -0.0006936165401433048, -0.8358222478559247, -0.9837074108389612, 111558000000, 
-0.07553821771049617, -0.0005170693245909921, 0.03111883858183614, -0.0012340570298544462, -0.06515708400577651, -2.904423605577373e-05, 0.028029402376468317, -0.001036206040559659, -0.8389762972019095, -0.9840250600458942, 111660000000, 
-0.0509738410060547, 0.04194701187679087, 0.03033937451919152, -0.0011474567770501584, -0.056303805971418194, -1.024888869731932e-05, 0.027099979201904482, -0.00037818806505205977, -0.8420831316062639, -0.9843377769841622, 111762000000, 
-0.09393604396314326, 0.014107094757326983, 0.02848545910846608, -0.0009497610995351679, -0.07947526957286254, -1.257806574798039e-05, 0.025414004922555432, -0.000494926548818644, -0.8450846015108607, -0.9846396171466454, 111864000000, 
-0.05538526596199807, -0.020367865933075473, 0.027775766732339547, -0.0009335958516606213, -0.06448647746054564, -2.6169276856649076e-05, 0.024108621552867866, -0.0010854737919902386, -0.8479791413196988, -0.9849305194706897, 111966000000, 
-0.06209864272133682, 0.007032883064666675, 0.028438349928729532, -0.0009703001884990901, -0.06289823493331927, -2.214141964728604e-05, 0.024353284586609528, -0.0009091759088406636, -0.8507836327815735, -0.9852122107272594, 112034000000, 
-0.040218806253184844, 0.0048604138739120895, 0.027895891424974714, -0.0009739700445052578, -0.04878591476126, -2.135608432203488e-05, 0.024386562518366385, -0.0008757316372879883, -0.8535555313555673, -0.9854903402657154, 112136000000, 
-0.06664000002248541, -0.0007509916511407066, 0.02741876895269634, -0.0010452305964723252, -0.05973105793375663, -2.4010504725775482e-05, 0.024218173012697, -0.0009914251051550155, -0.8563005524946626, -0.9857655147236533, 112238000000, 
-0.057461457720143806, 0.00771203686376936, 0.02702920950047665, -0.0008961250260226904, -0.05823682453227229, -1.936032765297319e-05, 0.023702491863660018, -0.0008168055816382704, -0.8590405656526781, -0.9860399517291544, 112340000000, 
-0.04872198069350517, -0.01041342806861344, 0.02569870009804243, -0.0006714647685336305, -0.05227722091502135, -2.0068502864575184e-05, 0.02282547163593338, -0.0008792152549865392, -0.8616857771673597, -0.9863046330164361, 112442000000, 
-0.027214596041007216, 0.021412839744179797, 0.025246661792742264, -0.0006309572507609749, -0.03671593374268783, -9.567051002719416e-06, 0.022585182162168874, -0.00042359857600549386, -0.8642199520260497, -0.9865580285475163, 112544000000, 
-0.047121161599486254, -0.022570324637490202, 0.025665002328213095, -0.0005982646657354596, -0.0430720643487476, -1.9456158043738234e-05, 0.022989881353408615, -0.0008462922337288856, -0.8667344206801068, -0.9868092251786064, 112646000000, 
-0.05955393814039662, 0.012753799490250293, 0.025038838403347446, -0.0005363740138353516, -0.05318607360343458, -1.0622184907136595e-05, 0.022437749315320214, -0.0004734068804255648, -0.8692797783074593, -0.987063401573345, 112748000000, 
-0.09551310634771351, -0.01899574749738669, 0.02459551721483783, -0.0005442233992932657, -0.07925248866872124, -1.662741238541862e-05, 0.02130814102938512, -0.0007803314405742148, -0.8718404744930934, -0.9873188944761471, 112816000000, 
-0.062173961701233633, -0.019479791524391846, 0.024320569668140585, -0.0005652061139523155, -0.06858797934473326, -1.8383411588898492e-05, 0.020343493438058947, -0.0009036506755770126, -0.8743580297362703, -0.987569929415524, 112918000000, 
-0.0502501809045419, -0.024007548855177262, 0.023930047056424878, -0.0005292246689151513, -0.05715073597230466, -1.9630188569624827e-05, 0.020157759557980298, -0.0009738278955635915, -0.8767598840787433, -0.9878092264033831, 113020000000, 
-0.07119585250993392, -0.010277706432791123, 0.023257870079473573, -0.00048389432496331484, -0.06573349124247828, -1.578469945599999e-05, 0.019758655021934565, -0.00079887519866494, -0.8791149413813881, -0.9880436588451126, 113122000000, 
-0.07776693548153871, 0.005106433124331741, 0.021750744507130784, -0.00042874897198149703, -0.07307642386200217, -9.32017977425819e-06, 0.018359099508923456, -0.0005076599628281392, -0.8814181984612157, -0.988272741865332, 113224000000, 
-0.068472851871503, -0.01317072664782222, 0.02118969471984421, -0.00027545321008674823, -0.0701261164064977, -8.924580921789644e-06, 0.017380639103041516, -0.0005134782943757167, -0.8836248104057118, -0.9884920506996199, 113326000000, 
-0.08311461150879912, 0.01622064813593513, 0.021707584895622852, -0.00020846367007744035, -0.07802984323642728, -2.599195093198003e-06, 0.017246616144781343, -0.00015070754004022373, -0.8857974426817702, -0.988707896548787, 113394000000, 
-0.03671019119609434, -0.01677869614873787, 0.0214077675818508, -0.00016571246091026177, -0.0523810753300519, -5.855923089054269e-06, 0.017286860350961608, -0.0003387499505500734, -0.8879239895292493, -0.9889190560073688, 113496000000, 
-0.05153311955651832, 0.019120669019279772, 0.02098489981976968, -0.00018796167846646844, -0.051763371670854874, -7.258403725275124e-07, 0.017586066028822584, -4.127360669167854e-05, -0.889981793726309, -0.9891233649837858, 113598000000, 
-0.05856235619791695, -0.015635989935975685, 0.020697028012491497, -0.0001917274131537193, -0.0558758863165075, -5.313012346534538e-06, 0.01746931289772986, -0.0003041340193308327, -0.8920530596328263, -0.9893289383335317, 113700000000, 
-0.021751196058777855, 0.021997494288078696, 0.019652591679981773, -0.0002245647708589401, -0.0347156061519443, -2.9774313771455685e-07, 0.017047497130806097, -1.746550449194755e-05, -0.8940500205393966, -0.9895271302194498, 113802000000, 
-0.07726642376852587, 0.01626188173406348, 0.019222340409821723, -0.00025418784687055937, -0.060939597790018674, 1.257731488020146e-07, 0.01662390179134448, 7.5658019627799155e-06, -0.8960049852499008, -0.9897211128115103, 113904000000, 
-0.057465029186982944, -0.03321961849449041, 0.01969640020087904, -0.00028603267075930896, -0.05869696340663587, -8.365682110108777e-06, 0.01624132425759168, -0.0005150862070990552, -0.8980030494840197, -0.9899193339178909, 114006000000, 
-0.048233757561242076, 0.010625469491746064, 0.019292317644627893, -0.0002785124900840299, -0.05214013052921553, -4.19527801313365e-06, 0.01600112970241488, -0.0002621863637853333, -0.899946215332342, -0.9901120987081692, 114108000000, 
-0.07412522839840434, -0.008398360609752535, 0.018933105193015942, -0.0002770168628344333, -0.06563448467903521, -5.527923407093716e-06, 0.015600442825206715, -0.0003543440060664091, -0.9018703786560385, -0.9903028898308147, 114210000000, 
-0.07167733617506762, -0.014470096735018301, 0.018626656323546955, -0.00034453361078355557, -0.06926619457173669, -7.273636119034245e-06, 0.014913603214055446, -0.000487718227086741, -0.9037928195466938, -0.9904934463417872, 114312000000, 
-0.0668998130491291, -0.0060251216306232945, 0.018172386411907687, -0.0002399859772170695, -0.06769732931189595, -5.585950025962659e-06, 0.014319515327426664, -0.0003900935121221383, -0.9056606138327588, -0.9906785193777221, 114414000000, 
-0.0822797169368045, -0.006059893761458501, 0.017721095204703902, -0.00016194647356737886, -0.0765977695068093, -4.14521487334358e-06, 0.013694960448098318, -0.00030268177035291726, -0.9074864812832694, -0.9908593604491576, 114482000000, 
-0.08918876558034033, -0.0016899577593678036, 0.017349544976459203, -0.0001725800436057036, -0.08425613564084806, -3.053345326406467e-06, 0.012907827533032245, -0.00023654990110401558, -0.9092913751425479, -0.9910380614307723, 114584000000, 
-0.05045007314946122, 0.007812845635788991, 0.016950723588323766, -0.00010968515661852696, -0.06324320691358366, -1.202944225950976e-06, 0.012555961859498461, -9.580661676197755e-05, -0.9110130356515572, -0.9912084768044794, 114686000000, 
-0.031327426439225356, -0.0022972110676904717, 0.016591357519783193, -4.727478667625751e-05, -0.04342005339131764, -1.0855984745254804e-06, 0.01298122439635678, -8.362835749377824e-05, -0.9126218084955735, -0.9913676850044991, 114788000000, 
-0.061930179212720385, 0.007040124963341021, 0.01568489616797559, -5.23692503122834e-05, -0.05477954146932983, -1.0023685893471534e-07, 0.012806162848489809, -7.827236005087656e-06, -0.9142000371343262, -0.9915238586145374, 114890000000, 
-0.05907270891594045, -0.0005782408907275935, 0.015305746309674732, -5.5731846506968226e-05, -0.057347493165978806, -5.133849419485806e-07, 0.012221979122023047, -4.200505800435391e-05, -0.9157813087044508, -0.9916803207372724, 114992000000, 
-0.03185165347024604, -0.008903783650816283, 0.015712544233133383, -6.586673173358812e-05, -0.04150182843048639, -1.5458528567607787e-06, 0.012467067620618513, -0.00012399490431929544, -0.9173205756475402, -0.991832619164218, 115060000000, 
-0.09550155885289732, 0.00035507777487694785, 0.015648203101460277, -9.398629348476698e-05, -0.07478001834330317, -1.2619854562846868e-06, 0.012287710607091553, -0.00010270305809093214, -0.9188956372747084, -0.9919884507172492, 115162000000, 
-0.05177340864281018, -0.020815139193879957, 0.015490946054348947, -0.00011296216731646866, -0.06045660313143075, -3.115827849499736e-06, 0.011665823058224858, -0.00026709027163779553, -0.9204993073522926, -0.9921470859917805, 115264000000, 
-0.03815536758016236, -0.010886656660320432, 0.015173770005647541, -0.0001249726712840025, -0.04658074608602999, -3.0337442980616875e-06, 0.0117712137447398, -0.00025772569964736016, -0.9219991180361087, -0.9922954254321974, 115366000000, 
-0.047979715582089646, 0.005010391232229869, 0.014314794287721245, -0.0001142998003182563, -0.04736914411875589, -1.532611876811897e-06, 0.011556197734173266, -0.00013262250370463572, -0.9234449186476675, -0.9924383909336579, 115434000000, 
-0.06765763190763621, 0.010644694726127958, 0.01394893812198683, -9.567536665855289e-05, -0.05982624086508329, -3.7200054841285924e-07, 0.011019002837506531, -3.3759910392857156e-05, -0.9248863634535772, -0.9925808983650066, 115536000000, 
-0.044006928109543424, -0.000649733735170665, 0.013976571447577768, -5.6481639469409774e-05, -0.049960710488838156, -5.607479898092806e-07, 0.010737696254769957, -5.222237400878071e-05, -0.9263052378412324, -0.9927211572101945, 115638000000, 
-0.05562620917680629, -0.000835924701197492, 0.013737917893822338, -3.965551800526186e-06, -0.053376145128009, -2.971118490317698e-07, 0.010632596356141825, -2.794348991346274e-05, -0.9276828300979397, -0.9928573301309254, 115740000000, 
-0.046719922547001996, -0.016103319499967413, 0.01315255172879589, 2.5906879489419688e-06, -0.04918198265088616, -1.1752432470525305e-06, 0.010229926484611348, -0.00011488286341259861, -0.9290318237477478, -0.9929906659046983, 115842000000, 
-0.04662912589066448, 0.015348125570697632, 0.0129041200327252, -4.2338002338555944e-05, -0.04752525673710459, 2.7089008404581077e-07, 0.010037968729090303, 2.698654392703616e-05, -0.9303349055541253, -0.9931194624843623, 115944000000, 
-0.05901809089090064, -0.013248132373758627, 0.013107659381824559, -6.494199503486334e-05, -0.05454203615169066, -1.1208770014833018e-06, 0.010007099762150456, -0.00011200817700676476, -0.9316423531801673, -0.9932486755338554, 116046000000, 
-0.061341130625491055, 0.004362320199928224, 0.012884633727722377, -4.285519648644933e-05, -0.058654163214818075, -4.076257594258873e-07, 0.009639289309784468, -4.228794741248426e-05, -0.9329611240675354, -0.9933790081722998, 116114000000, 
-0.04185361562517171, -0.006167884308888537, 0.012679940064566618, -3.349110053456223e-05, -0.048182886509899416, -6.965020319686716e-07, 0.009464532184859056, -7.359075106563693e-05, -0.9342403889005253, -0.993505423851587, 116216000000, 
-0.04167938981296634, 0.039494609328807266, 0.012470922064940755, -4.291435425497725e-05, -0.044083443149075974, 1.6856522878368089e-06, 0.009557140703783483, 0.0001763762133552656, -0.9354719308545503, -0.9936271262512437, 116318000000, 
-0.03377614061070428, 0.003274013067450469, 0.012242622474095228, -4.170052487914281e-05, -0.03764206295879753, 5.87972379344722e-07, 0.009649386894973942, 6.093365161375984e-05, -0.9366811367145698, -0.9937466164864412, 116420000000, 
-0.09914895425427994, 0.015973129960297053, 0.011447502804671642, -1.655628988994588e-05, -0.07557597675616516, 9.402561914284246e-07, 0.008682479851088717, 0.00010829350687298441, -0.9379166555832654, -0.9938687249582652, 116522000000, 
-0.04704548424933269, -0.004488730417101279, 0.011186305921913013, -1.441715928549889e-05, -0.05784703995455092, 6.404704901703904e-08, 0.007653746082715585, 8.36806556225796e-06, -0.9391321883127939, -0.9939888639601496, 116624000000, 
-0.04552332817775413, -0.021221333654678265, 0.011463170014817432, -7.556140897894867e-05, -0.050133844653656036, -1.1421661596470188e-06, 0.00793832160045598, -0.00014388005640655985, -0.9402446094048453, -0.9940988156410915, 116726000000, 
-0.0794965196497947, -0.016920135643213433, 0.011296671394638918, -0.00012821932835690894, -0.06818290619126288, -1.694324088020363e-06, 0.00780056738698005, -0.00021720523699960139, -0.9413827499813959, -0.9942113041131844, 116828000000, 
-0.060389806549099576, 0.01015060140182276, 0.010991836313852485, -0.00012407190205436825, -0.06326389395864668, -8.03707667329949e-07, 0.007259841339289288, -0.00011070595482306078, -0.9425301963679106, -0.9943246981696204, 116930000000, 
-0.036934401324596085, 0.010402190060217986, 0.010695726114572372, -9.866112122563158e-05, -0.04689765493907716, -4.1045309287109013e-07, 0.007253547930664803, -5.658652797148764e-05, -0.9435950976221293, -0.9944299171698755, 116998000000, 
-0.064393286452193, 0.011427248167039312, 0.010605837034415647, -5.9086866199697266e-05, -0.057620016308325965, -5.079892780900538e-08, 0.00735822259193033, -6.903695447419045e-06, -0.9446400616040626, -0.9945331575534795, 117100000000, 
-0.06804969122966119, -0.02157707225164732, 0.010476664414454731, -4.623849019137053e-06, -0.06396895248779413, -7.237015071975692e-07, 0.006984526663133585, -0.00010361496807184968, -0.9457198561515511, -0.994639831073939, 117202000000, 
-0.06448437635753534, 0.010938677002386255, 0.010143076497359982, 5.874837761615509e-06, -0.06418682982282246, 7.323147820569563e-08, 0.0064973222633968025, 1.1271024467764384e-05, -0.9467776218741842, -0.9947443272120164, 117304000000, 
-0.06087414158365022, 0.007607299753844703, 0.009593357905581391, -1.1904055735325827e-05, -0.062040521238254306, 1.6508532889539882e-07, 0.006004136908166688, 2.7495263918924563e-05, -0.9477813991646517, -0.9948434836157836, 117406000000, 
-0.05875507700316959, 0.0038919516134157733, 0.009517467667454158, -1.1604957155391075e-05, -0.059908909164907174, 1.0397877167361602e-07, 0.005850779263970761, 1.7771781669139324e-05, -0.9487438080789599, -0.9949385541077789, 117474000000, 
-0.0875553702642837, -0.023349480750013123, 0.009629561939693165, -4.517142497154563e-06, -0.07688320162834218, -4.518131828786642e-07, 0.0056172764197276, -8.043278434579406e-05, -0.9497252959086158, -0.9950355090254365, 117576000000, 
-0.06183199514984046, 0.024895654419508775, 0.009341562730984024, -8.7070470244995e-06, -0.06746614106629592, 2.592498885188716e-07, 0.005151622395016104, 5.0323930723199126e-05, -0.9507010678378885, -0.9951319010663755, 117678000000, 
-0.035551701333956444, -0.007395165367135001, 0.009240975291385813, -3.557561382410788e-05, -0.047638812507837275, -1.433610093376568e-07, 0.0054490595224500745, -2.630931241382312e-05, -0.9515910529389123, -0.9952198140845027, 117780000000, 
-0.06154617218472457, 0.006175833160464327, 0.008792288821184432, -4.267114514114152e-05, -0.05614403089044585, -8.683125366827156e-08, 0.005557937732897856, -1.5622926675538442e-05, -0.9524551719543765, -0.9953051739433054, 117882000000, 
-0.047595383805199745, 0.014634858919844217, 0.008620863564252812, -1.3424275348862962e-05, -0.050772313869832934, 1.946285106989358e-07, 0.0054054806828343965, 3.600577305122866e-05, -0.9533282319037986, -0.9953914163500843, 117984000000, 
-0.05218770684331359, -0.02711328943643388, 0.008703095308910181, -2.838670330722411e-05, -0.05155851308042987, -5.188034318164524e-07, 0.005497657571384709, -9.436808769553467e-05, -0.9541850561637673, -0.9954760522380112, 118052000000, 
-0.009726808459934178, 0.007624597006216556, 0.008636446529686998, -3.8714715711264094e-05, -0.025632085102157018, -2.015524250986107e-07, 0.005916611509828816, -3.406551617657962e-05, -0.9550027538648709, -0.9955568239058353, 118154000000, 
-0.04622091298351494, -0.001166012037524799, 0.008604089747718846, -2.5692598654589474e-05, -0.038294448711468046, -2.1177122110202631e-07, 0.0063875854234510965, -3.31535638372113e-05, -0.9558121308577248, -0.9956367680929227, 118256000000, 
-0.057916333717988745, -0.01671760685107552, 0.008431595254789242, -3.40453734736896e-05, -0.050352981626232196, -5.970332365274393e-07, 0.0059883703987431095, -9.969878226850326e-05, -0.9566909910880481, -0.9957235706453893, 118358000000, 
-0.07532047475867545, -0.024225423964245395, 0.007903494943246383, -2.354913857794993e-05, -0.06570211640054632, -7.107426255310067e-07, 0.00499498169548058, -0.0001422913373584694, -0.957576612391775, -0.9958110354877596, 118460000000, 
-0.060546878584137286, 0.004383455340878334, 0.00782418578597297, 3.3136672239280944e-06, -0.06241889646609171, -1.6662772393312376e-07, 0.004297824787383897, -3.877024592120488e-05, -0.9584245596561498, -0.9958947728888604, 118562000000, 
-0.07581361759944513, 0.01192826515496508, 0.008003883105385586, -3.0376527428750605e-06, -0.07058810149288636, 6.109418714195541e-08, 0.0040735708158980925, 1.4997698555655546e-05, -0.9592433450630492, -0.9959756230421616, 118664000000, 
-0.060696589599807727, 0.015764407892835362, 0.00770170002760802, 1.0003359301966012e-05, -0.06436576213927217, 1.9273715574884165e-07, 0.0037352773316338423, 5.159915546740321e-05, -0.9600434769325971, -0.9960546291367552, 118766000000, 
-0.05309877731514066, 0.02329525001568699, 0.007362548063122772, 4.970071392550923e-05, -0.05730034538354953, 3.8018575078112966e-07, 0.003648524466603662, 0.00010420260416535918, -0.9607849213040318, -0.9961278423952382, 118868000000, 
-0.044520082039279936, -0.028957771046684642, 0.007208900455572618, 5.0092936206498726e-05, -0.04930836548395324, 2.0777368023481576e-08, 0.0038027808162179703, 5.4637301037364455e-06, -0.9614866708150669, -0.9961971388893688, 118970000000, 
-0.05689976892054322, 0.01717635063727971, 0.0071198508239574765, 8.752423063215096e-06, -0.05391077260370475, 1.8659707753270455e-07, 0.0038984640495125164, 4.786425504065828e-05, -0.9621856965382495, -0.9962661716436497, 119038000000, 
-0.057314911801417685, 0.01052001222144183, 0.006999872803388302, -8.550559832536926e-06, -0.05592415525567558, 1.4301004038987438e-07, 0.003729623983305305, 3.834435884958424e-05, -0.9628991474172907, -0.9963366307035656, 119140000000, 
-0.10235437869521483, 0.004815053529743427, 0.006949764279492089, -2.8031292514011836e-05, -0.08451112414732365, 2.614501515578194e-08, 0.0031048356782021327, 8.420740375838929e-06, -0.9636529538054888, -0.9964110777765293, 119242000000, 
-0.051653836235042494, 0.0035305085792688836, 0.006937375054370455, -2.913688659384879e-05, -0.06408617235335212, -2.087666080002633e-08, 0.0026042080415235617, -8.016510381333698e-06, -0.9643931556850164, -0.9964841834502031, 119344000000, 
-0.04574690914557122, -0.004991086793010957, 0.006587672927170004, -2.6563942883327157e-05, -0.0526488121079854, -7.764825944492745e-08, 0.0028222960905322147, -2.751244268998187e-05, -0.9650270340953438, -0.9965467883455147, 119446000000, 
-0.059847564068281046, -0.029040309123812308, 0.006381584311606652, -3.8122135000090126e-05, -0.05700261198165338, -2.495331203011573e-07, 0.0029452679417876233, -8.47234021600438e-05, -0.9656499446509851, -0.9966083086940134, 119548000000, 
-0.04395256521232602, -0.007046224926459788, 0.006377535941616786, -3.645028275677201e-05, -0.04884561116087432, -2.056241867569857e-07, 0.003036628099571068, -6.771464269399031e-05, -0.9662755783364111, -0.9966700954815773, 119650000000, 
-0.014786184708360552, 0.004188110801047725, 0.006159123059749844, -2.1914309026960326e-05, -0.027723092315403465, -1.0938840768295403e-07, 0.0034673450465129065, -3.1548174818357195e-05, -0.9668456178391147, -0.9967263879224746, 119752000000, 
-0.04274175224340378, 0.006975997608526296, 0.0061973870164280884, -1.705491159926767e-05, -0.03694215279447174, -3.0134207288259705e-08, 0.003943453566850823, -7.641577814322888e-06, -0.9674149546239498, -0.9967826081895692, 119820000000, 
-0.06557496100315006, 0.021509984957549095, 0.006235767705944364, -1.1492967610837972e-07, -0.05456549613793264, 1.8064234224065975e-07, 0.0036542470354796824, 4.943353322497732e-05, -0.9680642776233116, -0.9968467258978712, 119922000000, 
-0.04843393003133092, 0.009660820553347165, 0.006100420572304726, 1.4655281033011427e-05, -0.05069493552761403, 1.5698973242595827e-07, 0.0031550951408267276, 4.9757527243638795e-05, -0.9687210881921958, -0.9969115832793176, 120024000000, 
-0.04769154842127272, 0.0011505784556256446, 0.006050504772813815, 1.1562706013114545e-05, -0.0487559823677384, 8.655796668680458e-08, 0.0030483313038745644, 2.8395196603723998e-05, -0.9693338403987167, -0.9969720923675238, 120126000000, 
-0.05646327363747792, -0.007585396028198457, 0.005788177682876776, 1.3687284455772814e-06, -0.0534366284858644, -7.2928889630674284e-09, 0.0028062827426776848, -2.5987719812255042e-06, -0.9699339225319186, -0.9970313523211066, 120228000000, 
-0.10202475682576553, -0.001575048151126343, 0.00550669653587574, -1.7948113975382614e-05, -0.08336460719136729, -2.8621329940088388e-08, 0.0019316689494631926, -1.4816891863402476e-05, -0.9705689648656658, -0.9970940657275359, 120330000000, 
-0.04108711292884543, 0.008015094224392246, 0.005423922990636165, -2.5171578121253947e-05, -0.05712563825967923, -1.5876229946221263e-08, 0.0013630340140968781, -1.1647713690212321e-05, -0.971165307916861, -0.9971529574652428, 120398000000, 
-0.04446449460950695, -0.023708295081926956, 0.005319945696029469, -2.7286654140981368e-05, -0.04920321603623117, -7.308373377287599e-08, 0.00177022784959928, -4.128493051864464e-05, -0.9716542324504908, -0.9972012404052519, 120500000000, 
-0.05587135865307149, 0.031082497990670487, 0.005278817481617775, -2.0648122730985178e-05, -0.05323344117544767, 1.0936394140529848e-08, 0.0019973454931140463, 5.475464399240713e-06, -0.9721568294086286, -0.9972508728130293, 120602000000, 
-0.08411720547744173, 0.0036149677205307355, 0.005091748126492081, -1.5110317871895917e-05, -0.07222161170465807, -4.3460000509914005e-09, 0.0015606238100560115, -2.7847838940990014e-06, -0.9727070023669754, -0.9973052022560441, 120704000000, 
-0.041972438968547354, 0.01588487304242441, 0.0047578603933343825, -9.477517172536354e-06, -0.05342728662871847, 9.301457354612704e-09, 0.0011073011359508927, 8.400115427159836e-06, -0.9732255938702958, -0.997356412916503, 120806000000, 
-0.05364656711464792, -0.008403150861143628, 0.004874068387049921, -3.068761011442677e-06, -0.05346691753224448, -6.222861228547013e-09, 0.0014019473871411323, -4.438726649533365e-06, -0.9736813124567424, -0.9974014148714384, 120874000000, 
-0.07487069297790824, -0.010656283730900827, 0.005095662414790857, -3.284471310332455e-06, -0.06659280709973366, -1.8493086032394798e-08, 0.0014271014761746467, -1.2958494081279782e-05, -0.9741859136856523, -0.9974512440125525, 120976000000, 
-0.07754539984098816, -0.005190062115941951, 0.004864387829374923, -1.1584236500890587e-05, -0.07325195551074368, -1.507619467666103e-08, 0.0009034825523224757, -1.668675796550408e-05, -0.9747221130958353, -0.997504193117304, 121078000000, 
-0.05985854492287731, -0.031051883855298588, 0.004719484874378002, -1.336589549604275e-05, -0.0648617336421196, -1.972891347422708e-08, 0.0006170459900893283, -3.1973165357368206e-05, -0.9752203338521456, -0.9975533912041543, 121180000000, 
-0.023280875295682936, 0.02184013571297779, 0.004574245776590936, -1.160369219094028e-05, -0.03906765024713221, -1.1423869802441832e-08, 0.0010333415682684177, -1.1055269770657675e-05, -0.9756340469418194, -0.997594243535042, 121282000000, 
-0.04273415086680443, 0.0015349075729132748, 0.0044872723402459135, -7.620765305635157e-06, -0.041255002135866754, -1.3081913724044163e-08, 0.0016450360337877824, -7.95235694255424e-06, -0.9760197273473387, -0.9976323269695643, 121384000000, 
-0.04590816239782887, -0.021910195638104993, 0.00440500566569759, -6.896761530511656e-06, -0.04405680430519409, -5.127017722213149e-08, 0.001733521252505913, -2.95757419460634e-05, -0.9764493076994666, -0.9976747445477806, 121452000000, 
-0.07218849637998247, -0.045452327083933236, 0.004284968795327499, -1.5829747901713115e-06, -0.06136038618157949, -8.169930669399852e-08, 0.001339955984330731, -6.097163462783813e-05, -0.9769150307419894, -0.9977207299913031, 121554000000, 
-0.057666609833144235, 0.03074608835253325, 0.0043913823017511745, 8.586995679070103e-07, -0.058982144630545456, 2.5132931417193946e-09, 0.0009296057290688851, 2.7036119325950884e-06, -0.9773926938175017, -0.9977678929714877, 121656000000, 
-0.027079027459287357, -0.020878125174534013, 0.00448164298229091, -2.126505667294955e-06, -0.03917638224767306, -1.4948168924995226e-08, 0.0012176170211876808, -1.2276576842211496e-05, -0.9778100221604747, -0.9978090971779373, 121758000000, 
-0.02883436645978791, -0.023300430504267666, 0.004197442129168621, 1.5603045024918112e-06, -0.03271562839713334, -3.569801206928299e-08, 0.0016791851361175848, -2.1259128193463976e-05, -0.9781818303618697, -0.997845806596058, 121860000000, 
-0.05333509390302567, 0.0026443517054633332, 0.0039595513650267445, 1.938785016989609e-05, -0.04539374907761152, 1.0754657002883754e-08, 0.001627923388561151, 6.606365556544596e-06, -0.9785809654230931, -0.9978852135959224, 121962000000, 
-0.04654318053889756, 0.013372478494667335, 0.003919561892746493, 1.8414325816941345e-05, -0.04603189306176465, 3.571950797776554e-08, 0.0013056204448757833, 2.7358263358968684e-05, -0.9790031082826294, -0.997926891813912, 122064000000, 
-0.05744364494993368, 0.00681157209486674, 0.00389372194004762, 4.697453443041124e-06, -0.053005219113693665, 1.9502969084748938e-08, 0.0010346689252939906, 1.884947794214209e-05, -0.9794175790726901, -0.9979678129168504, 122132000000, 
-0.0691297353997812, -0.005485937355878491, 0.0039769096513433706, 1.0212792521872394e-05, -0.06287853412136252, 6.678486643337175e-09, 0.0006676046792532652, 1.0003654634067653e-05, -0.9798498642399939, -0.9980104936191282, 122234000000, 
-0.05865340903606951, 0.01252207329991272, 0.003913412833817211, 9.399441261404295e-06, -0.06016841920129753, 4.832628943848125e-09, 0.0003265984695519008, 1.4796851162464361e-05, -0.9802732599467915, -0.9980522973053716, 122336000000, 
-0.07360913144053619, 0.0029848731756248444, 0.00373345048184644, -2.6533018213806585e-06, -0.06837154168043506, 1.2248758234479898e-11, 2.654376049964109e-06, 4.614552724978632e-06, -0.9806770404284259, -0.9980921647613736, 122438000000, 
-0.03983213561310829, -0.023066743561566055, 0.0034703891089609565, -7.782936392650542e-06, -0.0506345341500185, 4.769253711443459e-10, -0.00015457684137798206, -3.0853610857407467e-06, -0.9810380364234166, -0.9981278082924792, 122540000000, 
-0.06495787881352821, 0.022245161623966732, 0.0033341306619332494, -4.176618761921677e-06, -0.059392021678191034, 4.3581519086699605e-10, -7.405576903326671e-05, -5.88495935639022e-06, -0.9813618160866334, -0.9981597772952606, 122642000000, 
-0.052072170943522546, 0.011615225464055325, 0.0033607531909597903, -7.52860609820079e-06, -0.05477199493651335, 9.871648760880802e-10, -0.00013281901528069788, -7.432406225884295e-06, -0.981702106181297, -0.9981933764518669, 122710000000, 
-0.03261459006217823, -0.027217295717164754, 0.0033090103900952138, -7.891857135734074e-06, -0.040991684470841484, -7.947809307370691e-10, 0.00014497519030104954, -5.482185807700336e-06, -0.9820037811023441, -0.9982231627184995, 122812000000, 
-0.056790369486919595, -0.013763093657437294, 0.0033272746133552063, -4.016593614604945e-06, -0.050673844971502506, -2.2521427882894445e-09, 0.00038766098136327077, -5.809567886789716e-06, -0.9823107548541222, -0.998253472000091, 122914000000, 
-0.045834308199887, 0.018628746765380344, 0.0033772483293583234, -9.133308209060095e-07, -0.04759974669238677, 6.033741275956013e-10, 0.00035921733531523066, 1.6796910067441794e-06, -0.9826496652800538, -0.9982869343670141, 123016000000, 
-0.05603546910074054, 0.004032991790621388, 0.003208947966080373, 1.0839926138204858e-06, -0.05273039830935929, 4.892995550933404e-10, 0.00022171466206568485, 2.2068885771225237e-06, -0.9829826916922139, -0.9983198156839139, 123118000000, 
-0.05545713476988456, 0.02446852202285678, 0.003174699140227646, 1.9967453214621813e-06, -0.054328160927208165, 6.945596126815593e-11, 1.2791469637823266e-05, 5.4298656241016026e-06, -0.9833194219851447, -0.9983530627140655, 123220000000, 
-0.056088042617212557, 0.009546735191965, 0.003275664951088568, 1.8392898460776343e-06, -0.05532376311434442, -1.8063753213894006e-10, -5.496784819156511e-05, 3.2862398307718205e-06, -0.9836521516998838, -0.9983859148322459, 123322000000, 
-0.0690432644559401, 0.01854827893564847, 0.0031345280780152134, 9.587648485198387e-07, -0.06370647384113745, -4.0410323864370244e-10, -0.00033186897719830136, 1.217658975102813e-06, -0.9839916498968193, -0.9984194353553122, 123424000000, 
-0.06452273608179412, -0.03633361275029765, 0.003015111012957367, -1.2094357840905845e-06, -0.06410845983349538, -4.982409255474028e-09, -0.0006949078744705166, 7.1698845825719886e-06, -0.9843278257910997, -0.9984526279322224, 123492000000, 
-0.06915290455809568, 0.006236482386889139, 0.0029372478820883187, -2.812611019423378e-06, -0.06711874495068014, 1.5792628512792727e-09, -0.0009411237904967795, -1.6780607049000926e-06, -0.9846446361224926, -0.9984839085722877, 123594000000, 
-0.02192305945512439, 0.0007446108742225428, 0.0029302891077826383, -1.704696038999134e-06, -0.03909032587944665, 1.3307273792732605e-09, -0.0006254538441888583, -2.127618834926278e-06, -0.9849048326767149, -0.9985095994543322, 123662000000, 
-0.08446014157259155, 0.020652670054845623, 0.0028489936367816025, -2.307632159971622e-06, -0.06703732149048669, 4.503831213808497e-09, -0.00044059331798615865, -1.0222195911627478e-05, -0.98516995241605, -0.9985357764451239, 123764000000, 
-0.04437617704823793, 0.009784280172018059, 0.002578388243068024, -4.292399114485171e-06, -0.05293740380607413, 8.17643386361566e-09, -0.0008866558926042623, -9.22165400559179e-06, -0.9854709239994617, -0.9985654931685101, 123866000000, 
-0.05455017835004916, -0.015758817694275225, 0.002529228809483533, -3.955801558102886e-06, -0.05384199124359917, -2.1483381716232824e-09, -0.0008051067491769938, 2.6683892214534078e-06, -0.9857145220029396, -0.9985895448717206, 123968000000, 
-0.05034494210399096, 0.00465546415046371, 0.002598108717857808, -1.2129503638566956e-06, -0.05158945496109661, 1.4577806922678814e-09, -0.000712191252959308, -2.0468949684659683e-06, -0.9859638303133728, -0.9986141603045907, 124070000000, 
-0.03884143628377619, -0.018124821218602125, 0.0026186111966441574, 6.1059916187523e-07, -0.04362578201972622, -3.6426690013229045e-09, -0.00048098730997891016, 7.573316230489791e-06, -0.9862014194880578, -0.9986376185540182, 124138000000, 
-0.05874437358439621, 0.026078610192620925, 0.002582211846105722, 2.0293591000792534e-06, -0.0528863337475438, 1.4606636383811042e-09, -0.00040513958520975706, -3.6053342889830426e-06, -0.9864508627413363, -0.9986622472991098, 124240000000, 
-0.03921314385677693, 0.0292941802568341, 0.002559030627895754, 7.327805386356699e-07, -0.04435368199219114, 3.639612051715951e-09, -0.00044067367410186367, -8.259200096610805e-06, -0.9867090532080008, -0.9986877397138578, 124342000000, 
-0.04854360681057612, 0.01169574225289165, 0.0025833712868560624, -7.390194637890896e-07, -0.04686331229351971, 2.052783403184669e-09, -0.0003020209963210613, -6.796823493034477e-06, -0.986952332479448, -0.9987117597862445, 124444000000, 
-0.06985515093240674, -0.02368717866509498, 0.0024458695733899174, -1.2313915419328587e-06, -0.06098703222896941, -6.678433571192811e-10, -0.0006275355085177368, 1.0642319805882427e-06, -0.9872281458790151, -0.9987389919380248, 124546000000, 
-0.056304262600859585, -0.004440260539636546, 0.0023858570029684513, -2.3790356223952542e-06, -0.05799866866838909, -6.817453860439188e-10, -0.0010356513636753661, 6.582769163017466e-07, -0.9875061907427235, -0.9987664443153236, 124614000000, 
-0.08728456214868847, -0.016468046008362266, 0.0023804783689669036, 9.840625279163437e-07, -0.07599144809376966, -1.6392553861642118e-08, -0.0014379079349015169, 1.1400280549091519e-05, -0.9877831166496274, -0.9987937861555982, 124716000000, 
-0.03678219057088916, 0.02015022045073738, 0.002332911920991825, 2.725198667372555e-06, -0.05165253195108196, 1.8814662792519348e-08, -0.0015852984120774396, -1.186821525157768e-05, -0.9880299695626976, -0.9988181589908929, 124818000000, 
-0.038676779284068076, -0.03010528337357412, 0.002240918050272829, 9.598641764415818e-07, -0.043542908396668516, -2.6762140318520834e-08, -0.0010471906129310869, 2.555613084003264e-05, -0.9881994622014278, -0.9988348934562608, 124920000000, 
-0.03763517145971752, 0.021382546457247856, 0.0020314928732824943, -3.574479215246636e-07, -0.03981554601707231, 3.1686428299049887e-09, -0.0007372187872278398, -4.298103744507138e-06, -0.988370835649394, -0.9988518140400116, 125022000000, 
-0.04177788010484994, 0.006145208238012543, 0.0019620253280571397, -3.317226302158804e-06, -0.04095739622771504, 3.9166394800063875e-09, -0.0006033214858296868, -6.491795124153802e-06, -0.9885527611986829, -0.9988697764892295, 125124000000, 
-0.020173231800947135, 0.0021012834410009556, 0.0020342705643106866, -1.1626138048822394e-06, -0.028048320487148094, 1.2415685847140572e-09, -0.0003118193327355063, -3.9816921350646e-06, -0.9887261933617493, -0.9988869003523346, 125226000000, 
-0.07205205442690457, 0.008861914137848972, 0.002171287636255069, -2.260860333021955e-06, -0.05517353755685059, 1.4143556632929617e-09, -0.0003057415945967746, -4.625983799025697e-06, -0.9889416631071911, -0.9989081747459199, 125294000000, 
-0.06589160994955177, -0.006571534280595502, 0.00224618100194301, -5.0593133336205405e-06, -0.06170914858618267, 3.433265639986478e-09, -0.0009400933173201679, -3.6520477028528965e-06, -0.9892283255435924, -0.9989364782207881, 125396000000, 
-0.0690504809973991, 0.0021198785108017142, 0.0021901957959612186, -2.394870221619914e-07, -0.0661460103405831, 3.967232821958463e-09, -0.0014298202987828596, -2.7746373620066707e-06, -0.9894950202718688, -0.9989628101003395, 125498000000, 
-0.028361427406029868, -0.00562270135892857, 0.002142400334137638, 1.0244319689419726e-06, -0.042699554111410104, -6.0874726498934876e-09, -0.0013402735043150414, 4.5419629876250845e-06, -0.9896993138401524, -0.9989829807483087, 125600000000, 
-0.06244522035696993, -0.016320309972844338, 0.0019553123743696627, 5.783819902444881e-07, -0.054816754371160084, -1.7704621431237143e-08, -0.0011341125444340816, 1.561099162347392e-05, -0.9898733752263662, -0.9990001664235302, 125702000000, 
-0.07024431985791599, -0.012276611404613428, 0.0017141942041070505, 1.2363384761587625e-06, -0.06425865063648153, -2.485383163680127e-08, -0.0016210561149087978, 1.533187618134957e-05, -0.9900924048303026, -0.9990217921268422, 125804000000, 
