x, y, th, stamp, 
[-1.50415021555107, -0.6067072111452865, 0.005321870434373348, 17476000000.0]
[-1.5041498166517326, -0.6067075072677498, 0.005371289956200609, 17510000000.0]
[-1.504149043652033, -0.6067080908173514, 0.005468104643269848, 17544000000.0]
[-1.5032220393354878, -0.6073968177764706, 0.00550176732225961, 17578000000.0]
[-1.5013672567238885, -0.608774957998158, 0.005462394473925793, 17612000000.0]
[-1.4985845140936198, -0.6108413419329634, 0.005360506397357838, 17646000000.0]
[-1.4948736134810292, -0.6135960143715323, 0.005199327376565744, 17680000000.0]
[-1.4902345717470906, -0.617038642448549, 0.004979181136048856, 17714000000.0]
[-1.4846669252807925, -0.6211686687768181, 0.004700456740483122, 17748000000.0]
[-1.4781703284518846, -0.6259858578634483, 0.004363547622009102, 17782000000.0]
[-1.470744722317612, -0.6314900541498282, 0.003968858435185299, 17816000000.0]
[-1.462389855141922, -0.6376808236220894, 0.0035168028329683157, 17850000000.0]
[-1.4531053587400327, -0.6445577510102792, 0.0030077971742984255, 17884000000.0]
[-1.4428910391425194, -0.6521206197868976, 0.002442264929890268, 17918000000.0]
[-1.4317467178677565, -0.6603691453649239, 0.0018206398751311748, 17952000000.0]
[-1.4196720941893992, -0.6693029189274009, 0.0011433613677568513, 17986000000.0]
[-1.4066668969860423, -0.6789216103369264, 0.00041087340632832946, 18020000000.0]
[-1.3927309227706262, -0.6892249479169713, -0.000376371771451009, 18054000000.0]
[-1.3778639222608065, -0.7002125856863662, -0.0012179144809420228, 18088000000.0]
[-1.3620656271026759, -0.7118841744507409, -0.00211329015638844, 18122000000.0]
[-1.3453358077874644, -0.7242394205830857, -0.0030620281787876046, 18156000000.0]
[-1.3276742277752671, -0.7372780017817182, -0.004063650400157013, 18190000000.0]
[-1.3090806320161152, -0.7509995747280109, -0.005117672709819378, 18224000000.0]
[-1.2895547568928283, -0.7654037948141236, -0.0062236058306615275, 18258000000.0]
[-1.269096844932294, -0.7804898984431007, -0.007379641783921799, 18292000000.0]
[-1.2477076305476138, -0.7962566306963954, -0.008562565630307084, 18326000000.0]
[-1.2253857817619285, -0.8127046844660475, -0.009763269906013502, 18360000000.0]
[-1.2021308743297034, -0.8298337540926872, -0.010980919935186777, 18394000000.0]
[-1.1779427386963843, -0.8476435095230969, -0.01221471058194598, 18428000000.0]
[-1.1528211927614092, -0.8661336356481258, -0.013463836095551967, 18462000000.0]
[-1.1267660099125527, -0.885303751154692, -0.014727490567242022, 18496000000.0]
[-1.0997881922192512, -0.9051463666383758, -0.016003856243175085, 18530000000.0]
[-1.0724324903099818, -0.925312972422882, -0.0172425822891481, 18564000000.0]
[-1.0452158901142585, -0.9456849044686808, -0.018406456817634052, 18598000000.0]
[-1.0181885635245997, -0.9662996971498935, -0.019491598482255644, 18632000000.0]
[-0.991275833000848, -0.9870565555306259, -0.020498251768765158, 18666000000.0]
[-0.9644781905312226, -1.0079679162655555, -0.021429937486572667, 18700000000.0]
[-0.9378451858230263, -1.0290908985449623, -0.022286448641849435, 18734000000.0]
[-0.9113663201545625, -1.0504047370822267, -0.02306672798380393, 18768000000.0]
[-0.8850257465588499, -1.0718896170123515, -0.02377257786587947, 18802000000.0]
[-0.8588407489786948, -1.0935660306447288, -0.0244052874381524, 18836000000.0]
[-0.8328202164598063, -1.1154391386664184, -0.02496466768075699, 18870000000.0]
[-0.8069602914078574, -1.1375043256982362, -0.025451587510012988, 18904000000.0]
[-0.7812657279352995, -1.159762268797792, -0.02586700108793275, 18938000000.0]
[-0.7557589460509947, -1.1821870566364268, -0.026208591504979357, 18972000000.0]
[-0.7304542022466279, -1.204809016808087, -0.02647409542808999, 19006000000.0]
[-0.7053797051644217, -1.2276011994288192, -0.02665930951290298, 19040000000.0]
[-0.6806058177448618, -1.2505661669685968, -0.02676256583095344, 19074000000.0]
[-0.6562000266694268, -1.27374604640325, -0.026783861444176858, 19108000000.0]
[-0.6321513996997469, -1.2972251034375253, -0.026725291119705594, 19142000000.0]
[-0.6083398330421331, -1.3211188201747655, -0.026592497761376954, 19176000000.0]
[-0.5846339934007541, -1.3454112857653588, -0.026387098566993894, 19210000000.0]
[-0.561071821730932, -1.3699481650916263, -0.026110199024843, 19244000000.0]
[-0.537716287351574, -1.3946727041456, -0.02576772724174948, 19278000000.0]
[-0.5145990116004451, -1.4196217498604367, -0.02536168611486709, 19312000000.0]
[-0.4917035740550749, -1.4447764580876528, -0.024892600799928964, 19346000000.0]
[-0.4690274331563705, -1.4701315529854972, -0.024363601991706986, 19380000000.0]
[-0.44658950851293316, -1.4957000308575898, -0.023775756773304433, 19414000000.0]
[-0.42439103755348856, -1.521479326877764, -0.023129487228935732, 19448000000.0]
[-0.40243356608466996, -1.5474662761953795, -0.022426677956038164, 19482000000.0]
[-0.3807251884197255, -1.573663639773913, -0.021668490119536983, 19516000000.0]
[-0.3592679204122677, -1.6000697720096904, -0.02085610270076176, 19550000000.0]
[-0.33806969953775634, -1.626686099991407, -0.019991308855180235, 19584000000.0]
[-0.3171367767506437, -1.6535132538934096, -0.019074785840328134, 19618000000.0]
[-0.2964684310713784, -1.6805471409095443, -0.01810798285687687, 19652000000.0]
[-0.276074662363559, -1.7077902037380055, -0.017093096808960668, 19686000000.0]
[-0.2559630916173917, -1.7352435558639414, -0.016030367489076193, 19720000000.0]
[-0.23613177573019142, -1.762901977938106, -0.01492118504222838, 19754000000.0]
[-0.21659050247931597, -1.7907671330157822, -0.013768202021882503, 19788000000.0]
[-0.19734800814376216, -1.8188406648380027, -0.012571355561926578, 19822000000.0]
[-0.1784023730708264, -1.8471164073962694, -0.011331882953947861, 19856000000.0]
[-0.1597628741043248, -1.8755957543438877, -0.010052822395433862, 19890000000.0]
[-0.14143832277496343, -1.9042790147290647, -0.008733768921952583, 19924000000.0]
[-0.12342767842360823, -1.9331618437243336, -0.007375036677372772, 19958000000.0]
[-0.10574121680384838, -1.9622424494913524, -0.005984668023845645, 19992000000.0]
[-0.08839542222403761, -1.9914808396439967, -0.004570715961692426, 20026000000.0]
[-0.07141883725182326, -2.020910096426402, -0.0031351645108993412, 20060000000.0]
[-0.054821106198579383, -2.050541593738091, -0.0016772250469073698, 20094000000.0]
[-0.038593630462483014, -2.080387963285248, -0.00019196816685252397, 20128000000.0]
[-0.022675290534538466, -2.1104585716731843, 0.001320724958810769, 20162000000.0]
[-0.0071469375000649095, -2.1407452168972547, 0.002864676381534411, 20196000000.0]
[0.008033203919270577, -2.1712413612618793, 0.004439167445933663, 20230000000.0]
[0.022844305550882283, -2.201906381623048, 0.006030613225629991, 20264000000.0]
[0.03727674770073911, -2.2327322317624394, 0.0075395422410383444, 20298000000.0]
[0.051305471171696905, -2.2636948817329072, 0.008922441416090863, 20332000000.0]
[0.06490530152966492, -2.29481212824667, 0.010175936231781348, 20366000000.0]
[0.07807162266284846, -2.326115180537297, 0.011306128957669453, 20400000000.0]
[0.09081929267419804, -2.357604340708343, 0.012314120856249972, 20434000000.0]
[0.10313237106804364, -2.3892533741782787, 0.01319491507059008, 20468000000.0]
[0.1149981301625603, -2.4210682823377003, 0.013950958215573336, 20502000000.0]
[0.1264217823761518, -2.4530528397753764, 0.014583520585938379, 20536000000.0]
[0.13739083098945387, -2.4851871058439032, 0.015089795496813387, 20570000000.0]
[0.14789690520289256, -2.5174731856663928, 0.015471908305991374, 20604000000.0]
[0.1579430621265216, -2.5499115366322043, 0.01573007342775398, 20638000000.0]
[0.16751504449096327, -2.582483413351662, 0.015862113995491867, 20672000000.0]
[0.17660566637624492, -2.615191622162112, 0.015870876762772813, 20706000000.0]
[0.18522178505230602, -2.6480351025827416, 0.015756401350754172, 20740000000.0]
[0.19334374850880676, -2.680993357337361, 0.015516411174216193, 20774000000.0]
[0.20096624737681978, -2.7140691275353808, 0.015153790191919704, 20808000000.0]
[0.20809731978833892, -2.747262381901419, 0.0146686085171891, 20842000000.0]
[0.21471826349509984, -2.7805505125438694, 0.01405851823668713, 20876000000.0]
[0.2208216440657739, -2.8139350832743344, 0.013326184150206935, 20910000000.0]
[0.22641653619903618, -2.847418672598338, 0.012471559918084645, 20944000000.0]
[0.2314856640555121, -2.880974856789971, 0.011492792557773423, 20978000000.0]
[0.2360227503962356, -2.914603445208299, 0.01039200841956952, 21012000000.0]
[0.24003454169300611, -2.948312678900165, 0.009169073348548076, 21046000000.0]
[0.2435085964660849, -2.9820737810409423, 0.007823364649137588, 21080000000.0]
[0.24643832139468005, -3.0158903813349647, 0.006359664354747143, 21114000000.0]
[0.24881179507429665, -3.049747064523142, 0.004878913337921449, 21148000000.0]
[0.25063752991612737, -3.083633767578094, 0.003457162164143871, 21182000000.0]
[0.251910205173979, -3.1175466351234538, 0.0020915629358316274, 21216000000.0]
[0.25261353687678556, -3.15146575700313, 0.0007770262672696652, 21250000000.0]
[0.2527380351084922, -3.1853919649262634, -0.00048428969197778594, 21284000000.0]
[0.2522914167665967, -3.2193289736308923, -0.001693511816552694, 21318000000.0]
[0.2512673314736995, -3.253243190653367, -0.0028529349945715455, 21352000000.0]
[0.24965621628795104, -3.2871435419030193, -0.003962410098737016, 21386000000.0]
[0.24746797602550485, -3.3210920011696783, -0.005022362006099833, 21420000000.0]
[0.2447335923272228, -3.3550029710478078, -0.006033042845308479, 21454000000.0]
[0.24145622127701857, -3.388866136376003, -0.007002924899942873, 21488000000.0]
[0.23762246083485677, -3.422638299142553, -0.007916987140816144, 21522000000.0]
[0.23321349545701242, -3.4562781579332262, -0.00875594635172765, 21556000000.0]
[0.22819306350887447, -3.4898213485192877, -0.009520051881705674, 21590000000.0]
[0.22256201531764924, -3.523282442267382, -0.010206923865117202, 21624000000.0]
[0.2163300484725369, -3.5566343251527215, -0.010819739731727245, 21658000000.0]
[0.20949011794586922, -3.5898616938241092, -0.011358842444681013, 21692000000.0]
[0.2020488811109255, -3.622968567240495, -0.011821028916008917, 21726000000.0]
[0.19398697558745315, -3.655927978684783, -0.012205200277197462, 21760000000.0]
[0.18531422585703536, -3.6887273932246405, -0.012511719984544497, 21794000000.0]
[0.1760262703499139, -3.7213747734208025, -0.012742447259707562, 21828000000.0]
[0.1661279720236772, -3.7538304417538875, -0.012897347140811286, 21862000000.0]
[0.15561039438969285, -3.7861032148892457, -0.01297815396910584, 21896000000.0]
[0.1444778113114745, -3.8181583479324233, -0.012984728938083221, 21930000000.0]
[0.13272915372767982, -3.8499865296340863, -0.012917856883853688, 21964000000.0]
[0.12036045142506918, -3.881587367844346, -0.012779372024601639, 21998000000.0]
[0.10737494940649756, -3.9129322890510685, -0.012570069065227792, 22032000000.0]
[0.0937684576186854, -3.944013439906527, -0.012290116237053556, 22066000000.0]
[0.07954937018002757, -3.9748286960274757, -0.011943653961039656, 22100000000.0]
[0.0647200152498414, -4.005348314437841, -0.01153526080450735, 22134000000.0]
[0.04927712395850231, -4.03556334206095, -0.011066999967465149, 22168000000.0]
[0.03322712849571767, -4.06546838652707, -0.01054112369440133, 22202000000.0]
[0.0165763675518944, -4.095035912662367, -0.009960750597754135, 22236000000.0]
[-0.0006784883056011919, -4.124254962275781, -0.009326378315418729, 22270000000.0]
[-0.01853198468873293, -4.153122086555405, -0.008639793454490516, 22304000000.0]
[-0.036974678284608174, -4.1816092851773465, -0.007904231724813695, 22338000000.0]
[-0.05601195578994308, -4.209706526554776, -0.007121514156069704, 22372000000.0]
[-0.07563542610681126, -4.237389977496892, -0.006305646647385086, 22406000000.0]
[-0.09584392671507923, -4.2646579232805015, -0.005463983238586768, 22440000000.0]
[-0.11665386917022745, -4.291542186176398, -0.004593716702237267, 22474000000.0]
[-0.13802749781983822, -4.31800811657412, -0.003691418073239217, 22508000000.0]
[-0.15994586231039304, -4.34405099675563, -0.0027579683809672646, 22542000000.0]
[-0.1824036320911438, -4.369671114566744, -0.0017953283181119674, 22576000000.0]
[-0.20537163488958277, -4.394833315529988, -0.0008032712288970584, 22610000000.0]
[-0.22884138680639074, -4.419527040510806, 0.0002180704047502277, 22644000000.0]
[-0.25281853485976835, -4.4437559256241075, 0.0012669624640358073, 22678000000.0]
[-0.2772775650826681, -4.4674880987386, 0.002343766587811238, 22712000000.0]
[-0.302212018669222, -4.49071356527148, 0.003448400873672484, 22746000000.0]
[-0.32761950513632293, -4.513421961261824, 0.00452826716770404, 22780000000.0]
[-0.3534876884296189, -4.535600873146845, 0.005499454639176176, 22814000000.0]
[-0.3798081253082858, -4.557223135788104, 0.006343247344376785, 22848000000.0]
[-0.4065916257365626, -4.57830509948742, 0.007055633843298076, 22882000000.0]
[-0.4338063065020709, -4.598816782981355, 0.0076375872080953755, 22916000000.0]
[-0.46144178093335236, -4.618747339904938, 0.008089474620465104, 22950000000.0]
[-0.48950535350020774, -4.638098762655152, 0.008410179447088356, 22984000000.0]
[-0.517966415748682, -4.656844289281177, 0.00860083205811512, 23018000000.0]
[-0.5468146975168003, -4.674973267438517, 0.008661943100465953, 23052000000.0]
[-0.5760581603489, -4.69248697407062, 0.008592543000317263, 23086000000.0]
[-0.6056649017601726, -4.70936062900532, 0.008393964871065033, 23120000000.0]
[-0.635623524694268, -4.725583854902199, 0.008066822922215998, 23154000000.0]
[-0.6659417173738603, -4.741157119850229, 0.0076102451781984385, 23188000000.0]
[-0.6965859195803509, -4.756057647752911, 0.007025737620845296, 23222000000.0]
[-0.7275435666919472, -4.770275589970823, 0.006314029327600513, 23256000000.0]
[-0.7588222804277189, -4.783811767084008, 0.005474318368629842, 23290000000.0]
[-0.7903876343898132, -4.796646397564203, 0.004508394765763612, 23324000000.0]
[-0.8222465918363283, -4.808776613487653, 0.003415827024997992, 23358000000.0]
[-0.8543551911396368, -4.820176448590614, 0.002248344421516268, 23392000000.0]
[-0.8866988449048305, -4.8308416553717635, 0.0010945704871029088, 23426000000.0]
[-0.919285094470455, -4.840764920755351, -2.598229651427243e-06, 23460000000.0]
[-0.9520804326892289, -4.84992291743408, -0.0010400735523961228, 23494000000.0]
[-0.9850744936663345, -4.858308534923678, -0.0020178590648232205, 23528000000.0]
[-1.018270822968442, -4.865921669872673, -0.0029382699529103082, 23562000000.0]
[-1.0516273260928166, -4.872747671780604, -0.003801238946158703, 23596000000.0]
[-1.0851301010517558, -4.878778727840106, -0.004606804532172758, 23630000000.0]
[-1.1187831891601816, -4.8840116021439215, -0.005357011426300635, 23664000000.0]
[-1.152543190876377, -4.888435179076944, -0.006051753907685223, 23698000000.0]
[-1.1863942237918153, -4.8920436497773405, -0.006691239964664984, 23732000000.0]
[-1.2203399071857126, -4.894834352759076, -0.007277458675185135, 23766000000.0]
[-1.2543358076207998, -4.8967986073577, -0.007810274014968279, 23800000000.0]
[-1.2883641881079528, -4.897932573952947, -0.008290072467658382, 23834000000.0]
[-1.3224281500236679, -4.898234241001926, -0.008718818291094147, 23868000000.0]
[-1.356482562012058, -4.897697749520408, -0.0090963536487946, 23902000000.0]
[-1.3905081520474436, -4.896320881582262, -0.009423223952519369, 23936000000.0]
[-1.4245073423487822, -4.89410215132374, -0.00970140616919609, 23970000000.0]
[-1.4584345467758049, -4.89103892854634, -0.00993074279351889, 24004000000.0]
[-1.4922669120182852, -4.887133653473841, -0.010109575545078301, 24038000000.0]
[-1.5260061206046553, -4.882374912325182, -0.010229801272250687, 24072000000.0]
[-1.5596060268304748, -4.876766987104643, -0.010285964096008134, 24106000000.0]
[-1.593065657577112, -4.870304988874234, -0.010278851477105586, 24140000000.0]
[-1.626339671606385, -4.862992504317953, -0.010210330947280133, 24174000000.0]
[-1.659412094179646, -4.854829349104701, -0.010086407811592053, 24208000000.0]
[-1.6922804938048244, -4.845815665686897, -0.009917993562287215, 24242000000.0]
[-1.7248968280269208, -4.8359578467018265, -0.009709441787364045, 24276000000.0]
[-1.7572427027165622, -4.825257873648249, -0.009461133288440756, 24310000000.0]
[-1.789314684461642, -4.813714471321748, -0.009175644554106216, 24344000000.0]
[-1.8210654956661962, -4.801339187997711, -0.008853172943834052, 24378000000.0]
[-1.852476668768647, -4.78813610553005, -0.008494086941612388, 24412000000.0]
[-1.8835447987802465, -4.77410365818486, -0.008100964258968342, 24446000000.0]
[-1.9142229607946273, -4.759257532205385, -0.007674062252466434, 24480000000.0]
[-1.9444918120825276, -4.743603787073478, -0.007213848671427409, 24514000000.0]
[-1.9743482072120861, -4.727140964569522, -0.006722804833601931, 24548000000.0]
[-2.003746168686524, -4.709888860649316, -0.00620121069586205, 24582000000.0]
[-2.032665608682475, -4.691855774507628, -0.005649649069222668, 24616000000.0]
[-2.0611034504704335, -4.673040371869631, -0.0050705108683077454, 24650000000.0]
[-2.0890065670027673, -4.653473766442228, -0.004462526861854254, 24684000000.0]
[-2.1163368700158935, -4.633167182029804, -0.003818820061155952, 24718000000.0]
[-2.1430830832974523, -4.612113984790024, -0.003133173591924549, 24752000000.0]
[-2.169201109461439, -4.590322747248906, -0.0023981233082313266, 24786000000.0]
[-2.1946788654255833, -4.567791109774458, -0.0016102361194507355, 24820000000.0]
[-2.219481124381559, -4.544538751703898, -0.0007671894702405243, 24854000000.0]
[-2.2436067189593243, -4.520567648764085, 0.00012996601666853024, 24888000000.0]
[-2.267055238929674, -4.495881602917635, 0.001058798012584284, 24922000000.0]
[-2.289801854473849, -4.470521376521318, 0.0019313518709413759, 24956000000.0]
[-2.3118327533091962, -4.444518704278686, 0.002699400625300125, 24990000000.0]
[-2.3331358775501276, -4.417865432792888, 0.0033440586081426634, 25024000000.0]
[-2.353679013835745, -4.390634463373761, 0.0038626540263105758, 25058000000.0]
[-2.373440587327294, -4.362838092858668, 0.004253860937918706, 25092000000.0]
[-2.392412202479875, -4.334482141373009, 0.004515069614739879, 25126000000.0]
[-2.4105594174734146, -4.3056064297513235, 0.004646490548261643, 25160000000.0]
[-2.42786651548162, -4.2762288316283215, 0.004648503568949152, 25194000000.0]
[-2.4443269525988285, -4.2463532757215425, 0.004519110786042414, 25228000000.0]
[-2.459910127987303, -4.216023503113113, 0.00425886690959926, 25262000000.0]
[-2.4746016466760743, -4.185260226754663, 0.003868295734718588, 25296000000.0]
[-2.488395774732343, -4.1540680528109215, 0.0033458051381006545, 25330000000.0]
[-2.501265637398791, -4.122494660400963, 0.0026921662385377297, 25364000000.0]
[-2.513198519342559, -4.09056261239206, 0.0019177024651840931, 25398000000.0]
[-2.5241894114004224, -4.05827584555988, 0.0010721558207918078, 25432000000.0]
[-2.534213168577737, -4.025698191247626, 0.00021799744670563163, 25466000000.0]
[-2.543246977483435, -3.9928641433166163, -0.0005843845276323625, 25500000000.0]
[-2.551277452150183, -3.959768568557367, -0.0013280036259990288, 25534000000.0]
[-2.5582941220828035, -3.9264313598646434, -0.00201350631593297, 25568000000.0]
[-2.564297220994149, -3.8928645705115392, -0.002645190709097462, 25602000000.0]
[-2.569275974490008, -3.859112238428109, -0.0032235499396721526, 25636000000.0]
[-2.5732486355476163, -3.8251977416416647, -0.003747924982848296, 25670000000.0]
[-2.5762167998946097, -3.791163468491555, -0.0042210982634994605, 25704000000.0]
[-2.57816648734356, -3.7570619991755887, -0.0046471753672013855, 25738000000.0]
[-2.5790877091197113, -3.7229251764109916, -0.005020701905181101, 25772000000.0]
[-2.5789748475828844, -3.688766164363435, -0.005341565725553982, 25806000000.0]
[-2.5778272418098815, -3.654635202857931, -0.005610738685193428, 25840000000.0]
[-2.5756416419352077, -3.6205677625605106, -0.0058299859695507775, 25874000000.0]
[-2.572408974650774, -3.5865792499112095, -0.006003046190820596, 25908000000.0]
[-2.5681197371954934, -3.552730752242595, -0.006130935373010225, 25942000000.0]
[-2.5627779715994055, -3.519049474279248, -0.006214722704893163, 25976000000.0]
[-2.5563756347909394, -3.485546284377899, -0.006257309409622495, 26010000000.0]
[-2.54891481865998, -3.452276394659475, -0.006259600465451658, 26044000000.0]
[-2.540397661514435, -3.4192706236938477, -0.006222726176324487, 26078000000.0]
[-2.530823119574402, -3.386539922181116, -0.00614956346586055, 26112000000.0]
[-2.520202599645974, -3.354142875596236, -0.006041068338097378, 26146000000.0]
[-2.5085432435842727, -3.3221122171914717, -0.00589872543184233, 26180000000.0]
[-2.4958460805255704, -3.290459459010793, -0.005725285353147589, 26214000000.0]
[-2.4821294544214063, -3.2592433813654034, -0.005521773454828551, 26248000000.0]
[-2.467404526798636, -3.2284973795404106, -0.005289772066104428, 26282000000.0]
[-2.451673620085058, -3.1982327046863355, -0.0050318369275046985, 26316000000.0]
[-2.4349683800619175, -3.168520533047532, -0.0047472854095384955, 26350000000.0]
[-2.417298081141753, -3.139406547931093, -0.0044308718491304225, 26384000000.0]
[-2.398668757937916, -3.1109454300685973, -0.0040717809335779525, 26418000000.0]
[-2.3790884596257724, -3.083184049755127, -0.0036594266064049726, 26452000000.0]
[-2.3585452288107076, -3.0561295514375337, -0.0031896819465912743, 26486000000.0]
[-2.3370611071637413, -3.0298262290749642, -0.0026580831976450296, 26520000000.0]
[-2.314650106802199, -3.004292281765002, -0.0020645284678523445, 26554000000.0]
[-2.291328056205181, -2.9795374352402297, -0.0014151991566660287, 26588000000.0]
[-2.267137540772746, -2.955597790340069, -0.0007156491404120379, 26622000000.0]
[-2.24211081938829, -2.9324861850357795, 2.7434418259914925e-05, 26656000000.0]
[-2.2162770547647885, -2.910226441698952, 0.0007918766977736375, 26690000000.0]
[-2.1896921527044557, -2.88886228373642, 0.0015205953311006057, 26724000000.0]
[-2.1623902734044798, -2.86841328336268, 0.0021703010879372568, 26758000000.0]
[-2.134388689401811, -2.848898046031398, 0.002697774578600169, 26792000000.0]
[-2.1057397113662, -2.830363864933487, 0.003090476707317756, 26826000000.0]
[-2.076477348284548, -2.812829160919012, 0.0033468954946586156, 26860000000.0]
[-2.046613582945895, -2.7963066366685583, 0.0034648863578538767, 26894000000.0]
[-2.0162051112535297, -2.7808338681301925, 0.0034437020239996246, 26928000000.0]
[-1.985290866987714, -2.766435827209848, 0.0032829340562501147, 26962000000.0]
[-1.9538861839254555, -2.7531235117296413, 0.0029802730603226426, 26996000000.0]
[-1.9220553997971948, -2.7409357674545975, 0.002535616464152655, 27030000000.0]
[-1.889850999214302, -2.729908585176495, 0.0019597583740956896, 27064000000.0]
[-1.8572649699153425, -2.7200509581834273, 0.0013561837059161978, 27098000000.0]
[-1.8243935356335996, -2.711423212573396, 0.0008299266329627012, 27132000000.0]
[-1.7912253806885932, -2.7040193058036723, 0.00039336761451359993, 27166000000.0]
[-1.757788851697288, -2.6978590220387977, 4.26078509374756e-05, 27200000000.0]
[-1.7241048097950997, -2.692939536464369, -0.0002329523757052877, 27234000000.0]
[-1.6902016866888654, -2.6892526250356052, -0.00044339804447834073, 27268000000.0]
[-1.6561578887598765, -2.686789813276763, -0.00059146193130184, 27302000000.0]
[-1.622024983515505, -2.6855428724109918, -0.0006794862683186705, 27336000000.0]
[-1.5878359368773112, -2.6855058732803476, -0.0007110092488532719, 27370000000.0]
[-1.553662953586833, -2.6866779496459703, -0.0006874369264813257, 27404000000.0]
[-1.5195525850613865, -2.689057750911683, -0.000609814376715369, 27438000000.0]
[-1.4855440178986448, -2.692643781230702, -0.0004809032408692294, 27472000000.0]
[-1.4517008854275948, -2.69745039372543, -0.000303362126073517, 27506000000.0]
[-1.4180778966119154, -2.7034891328493673, -7.698844020852796e-05, 27540000000.0]
[-1.3846848166247947, -2.7107472577100507, 0.00019580796742744164, 27574000000.0]
[-1.3515989024715118, -2.7192198531053604, 0.0005123145961692321, 27608000000.0]
[-1.3188678576718773, -2.728891099089419, 0.0008678041685816624, 27642000000.0]
[-1.2865109608093321, -2.739771564011259, 0.0012581684190673182, 27676000000.0]
[-1.2545984943400683, -2.7518499906341893, 0.0016805872126731255, 27710000000.0]
[-1.2231724546579292, -2.765113993985269, 0.0021322806832853544, 27744000000.0]
[-1.1922531060071366, -2.77955942186621, 0.0026093735084718205, 27778000000.0]
[-1.1619109696097665, -2.795159408157399, 0.0031093352370925934, 27812000000.0]
[-1.1321864947642155, -2.8118963758639453, 0.003616006650410199, 27846000000.0]
[-1.1031004397086537, -2.829761299030704, 0.004065251852346691, 27880000000.0]
[-1.07472117548459, -2.848717933154944, 0.004406372006877323, 27914000000.0]
[-1.0470893919035, -2.8687383750037445, 0.004604129777365783, 27948000000.0]
[-1.0202309729998127, -2.8898092796816908, 0.004649472204139836, 27982000000.0]
[-0.9942085244169083, -2.9118883295031375, 0.004542113366511213, 28016000000.0]
[-0.9690591008911562, -2.934947650603592, 0.0042817221603460125, 28050000000.0]
[-0.9448076385387152, -2.9589690243904423, 0.0038653757655070747, 28084000000.0]
[-0.9215215004848823, -2.9838894642926443, 0.0032939015008809688, 28118000000.0]
[-0.8992526774281658, -3.009677919582157, 0.002564136875935437, 28152000000.0]
[-0.8780547729533109, -3.036304116756022, 0.0017259695838501739, 28186000000.0]
[-0.8579936491859722, -3.0637237281813503, 0.0009016946311172663, 28220000000.0]
[-0.8391016808076267, -3.0919232389406, 0.00013537974199006518, 28254000000.0]
[-0.8214265373955106, -3.1208443215007318, -0.0005440041407927086, 28288000000.0]
[-0.805028126057307, -3.1504488566902413, -0.0011359228168558505, 28322000000.0]
[-0.7899219427873873, -3.1807586919155493, -0.0016289397689580245, 28356000000.0]
[-0.7760803463909447, -3.211771167361866, -0.0020288225026989988, 28390000000.0]
[-0.7634904855343219, -3.2434301461113924, -0.0023501998471007366, 28424000000.0]
[-0.752177685677398, -3.2755848186329364, -0.002601051259632232, 28458000000.0]
[-0.742155425678054, -3.308210305038103, -0.0027965526881311513, 28492000000.0]
[-0.7334426006253177, -3.341203444634682, -0.002935114420231194, 28526000000.0]
[-0.7260553673724045, -3.374555970927011, -0.0030182455201514208, 28560000000.0]
[-0.7199985358824911, -3.408211569685801, -0.0030453488386884956, 28594000000.0]
[-0.7152694471634939, -3.442101946430185, -0.003017784183737812, 28628000000.0]
[-0.711871962917939, -3.4761533003996847, -0.0029429624457422894, 28662000000.0]
[-0.7098387685105051, -3.5102848835132288, -0.0028209564402774407, 28696000000.0]
[-0.709182287572648, -3.5444340651265094, -0.0026520647918216963, 28730000000.0]
[-0.709911966461294, -3.5785786210774706, -0.0024428037703150807, 28764000000.0]
[-0.71204434685918, -3.6126438073967964, -0.002195890589728869, 28798000000.0]
[-0.7155791793356192, -3.6465803113059048, -0.0019148891427632428, 28832000000.0]
[-0.7205173939815123, -3.6803511575296826, -0.001605530953938777, 28866000000.0]
[-0.7268540060593462, -3.713876755178209, -0.0012706648134201825, 28900000000.0]
[-0.7345823615645464, -3.7471032745219244, -0.000913745964642095, 28934000000.0]
[-0.743697025637407, -3.779993300837853, -0.0005401741899698026, 28968000000.0]
[-0.7541805902465741, -3.8124644017029263, -0.00015287712918765379, 29002000000.0]
[-0.7660182373802231, -3.8444612233904, 0.00024481270019938216, 29036000000.0]
[-0.779199680254977, -3.8759482106019467, 0.0006482043748310597, 29070000000.0]
[-0.7936965315964105, -3.906844765204911, 0.001037088573079155, 29104000000.0]
[-0.8094904295464554, -3.937103125598434, 0.0013343829027484652, 29138000000.0]
[-0.826533327248818, -3.966609834923891, 0.0015525646711884889, 29172000000.0]
[-0.8448130687667086, -3.995279106727229, 0.0017504528961989434, 29206000000.0]
[-0.8643349318310529, -4.023064769537567, 0.001913101136639259, 29240000000.0]
[-0.8850738981872994, -4.049894193081628, 0.002036922849646774, 29274000000.0]
[-0.9070086020095448, -4.075718860587826, 0.0021299973486896932, 29308000000.0]
[-0.930114771385827, -4.100493024855673, 0.0022084255354550674, 29342000000.0]
[-0.9543709973794, -4.1241906060551585, 0.0022822098521510055, 29376000000.0]
[-0.9797395597529299, -4.146782869935573, 0.0022737014868151983, 29410000000.0]
[-1.0061687505401287, -4.168285248810517, 0.002159468598335615, 29444000000.0]
[-1.0335496615845459, -4.18861905509301, 0.0019361216939299036, 29478000000.0]
[-1.0618091290035425, -4.207751640025836, 0.0016297844097189257, 29512000000.0]
[-1.09089728447968, -4.225648703473133, 0.0012707031986358111, 29546000000.0]
[-1.1207350439035249, -4.242260044805867, 0.0008873706031875669, 29580000000.0]
[-1.1512660116069129, -4.25754976093926, 0.0005070046625234942, 29614000000.0]
[-1.1824533153234233, -4.271496424547501, 0.00015189660648391148, 29648000000.0]
[-1.2142089623827206, -4.284051670950205, -0.0001680991247915785, 29682000000.0]
[-1.246465526503276, -4.295186158627726, -0.0004514789160112212, 29716000000.0]
[-1.2791991470002986, -4.304883871802565, -0.0006966689940181326, 29750000000.0]
[-1.3123018517742036, -4.31310202660201, -0.0008962935400049034, 29784000000.0]
[-1.3456986548849994, -4.319801074684041, -0.0010439835863681195, 29818000000.0]
[-1.3793691797575083, -4.324968026472111, -0.0011387207013227017, 29852000000.0]
[-1.4132154606069969, -4.328577790421749, -0.0011783915092469274, 29886000000.0]
[-1.4471652665959531, -4.3306109998197435, -0.0011612481572936064, 29920000000.0]
[-1.4811694171444518, -4.331056241511622, -0.0010867781818088805, 29954000000.0]
[-1.5151531975834402, -4.329904739626051, -0.0009548504848092978, 29988000000.0]
[-1.5490384805060367, -4.327154038465857, -0.0007654633180061691, 30022000000.0]
[-1.5827574024851114, -4.3228048835388995, -0.0005198554564275617, 30056000000.0]
[-1.6162453969759938, -4.316861620677924, -0.0002200536041898305, 30090000000.0]
[-1.6493936080686644, -4.3093428350530045, 0.00013453081644669573, 30124000000.0]
[-1.6821707951990448, -4.300250161937766, 0.0005391706997480475, 30158000000.0]
[-1.7144805056204044, -4.289606128265722, 0.0009847160828428008, 30192000000.0]
[-1.7462836759879172, -4.277427964451382, 0.0013875703276768551, 30226000000.0]
[-1.7775308599793695, -4.263756518552769, 0.0016861681611950805, 30260000000.0]
[-1.8081225879068532, -4.2486378641465015, 0.0018528490633477426, 30294000000.0]
[-1.8379807923523324, -4.23211681503816, 0.0018738691457148736, 30328000000.0]
[-1.8670154843425453, -4.2142332913023255, 0.0017660710008275333, 30362000000.0]
[-1.8950999688998325, -4.195031786704158, 0.0016236945625900205, 30396000000.0]
[-1.9221771972901383, -4.174513628881836, 0.001502280618454131, 30430000000.0]
[-1.9481706302645612, -4.152710951171054, 0.0014216158691127434, 30464000000.0]
[-1.9730023766482143, -4.1296687761619255, 0.0014103650862546202, 30498000000.0]
[-1.9966899834054606, -4.105338931095266, 0.0014350314965325412, 30532000000.0]
[-2.019201093679615, -4.079831238992013, 0.0014081988812052301, 30566000000.0]
[-2.0404912068344827, -4.053213349510418, 0.0013312019157236334, 30600000000.0]
[-2.0605187102988696, -4.025565180523737, 0.0012145108756172385, 30634000000.0]
[-2.0792156179729493, -3.9969874096762372, 0.0010682389523276768, 30668000000.0]
[-2.096538636122087, -3.9675484461154764, 0.0009018694896130505, 30702000000.0]
[-2.1124554502931137, -3.9373039441657522, 0.0007188884658251821, 30736000000.0]
[-2.1269096912499177, -3.9063536082107384, 0.00052293375506907, 30770000000.0]
[-2.1398599552491917, -3.874771255120211, 0.0003308501778961881, 30804000000.0]
[-2.1512530103101013, -3.8426296081322615, 0.0001751177995196657, 30838000000.0]
[-2.1610420109790343, -3.8100035954188254, 6.444825020886548e-05, 30872000000.0]
[-2.1691862481399378, -3.776973768513127, 5.735492967657136e-06, 30906000000.0]
[-2.175667144803096, -3.74357519524033, 1.4086159138035496e-06, 30940000000.0]
[-2.1804648946094103, -3.7098869482173202, 5.297625932377122e-05, 30974000000.0]
[-2.1835660686748053, -3.6759917717304487, 0.0001606886881371784, 31008000000.0]
[-2.1849703058189855, -3.6419458404411422, 0.0003216851951159331, 31042000000.0]
[-2.1846763529007536, -3.607857149832904, 0.0005321667345922206, 31076000000.0]
[-2.1826920290480283, -3.5737803660675302, 0.0007483676709663279, 31110000000.0]
[-2.179023702952007, -3.5398331344133376, 0.0009327869641569189, 31144000000.0]
[-2.1736856434697915, -3.5061013461090504, 0.0010614408436130304, 31178000000.0]
[-2.166693630033731, -3.472679767923419, 0.0011140277880442957, 31212000000.0]
[-2.1580583406334686, -3.439700880931915, 0.0011415941876497518, 31246000000.0]
[-2.147774120429277, -3.407295466630415, 0.001214678641135929, 31280000000.0]
[-2.135829987861457, -3.3755085088914685, 0.0013506548324288103, 31314000000.0]
[-2.1222324524188374, -3.3444183971252213, 0.0015375738834518247, 31348000000.0]
[-2.106999134044551, -3.3140622347746693, 0.0016952771093446443, 31382000000.0]
[-2.09016418259859, -3.2844568702771184, 0.0017574324398958207, 31416000000.0]
[-2.0718157399831254, -3.2557174863850613, 0.0016897667564566034, 31450000000.0]
[-2.052029138092205, -3.2279444638994907, 0.0014896092943764555, 31484000000.0]
[-2.030866825180591, -3.2012268057961024, 0.0012355884581929833, 31518000000.0]
[-2.008389543806692, -3.1756983014842968, 0.0010215050733101694, 31552000000.0]
[-1.9846333937849758, -3.151446457491836, 0.0008791647451763064, 31586000000.0]
[-1.9596112576096516, -3.1284975058863327, 0.0008115853159031757, 31620000000.0]
[-1.933389636182251, -3.1069183499492037, 0.0008111706224861856, 31654000000.0]
[-1.906008966161567, -3.0867289307102976, 0.000824545035389414, 31688000000.0]
[-1.87753966225331, -3.0679511201491168, 0.0008245849784402456, 31722000000.0]
[-1.8481157140803999, -3.050656912524331, 0.0008101283604297884, 31756000000.0]
[-1.817826733320253, -3.034891346396709, 0.0007748352038440577, 31790000000.0]
[-1.7867440511905488, -3.0206900519581734, 0.0007092939769685975, 31824000000.0]
[-1.7550010029604244, -3.0081236813920804, 0.0006258026219623561, 31858000000.0]
[-1.7226930642388598, -2.9972389907799304, 0.0005753561680573708, 31892000000.0]
[-1.6898796698802112, -2.9880801633547214, 0.0005702249503940761, 31926000000.0]
[-1.6566579642289743, -2.980692701696979, 0.0006195838741452603, 31960000000.0]
[-1.6230807840637453, -2.9751002552266126, 0.0007275454501578377, 31994000000.0]
[-1.5892480996149552, -2.9713259933799256, 0.0008912229646145824, 32028000000.0]
[-1.5552398205970355, -2.9693772906961495, 0.0010587091893343341, 32062000000.0]
[-1.5211150263465005, -2.9692434321832843, 0.0011706441020128428, 32096000000.0]
[-1.487011706375627, -2.970915062109879, 0.001208661373809582, 32130000000.0]
[-1.4530397590225113, -2.9743824304226365, 0.0011602721670067406, 32164000000.0]
[-1.4193066966012478, -2.97964018992626, 0.0010639753465979125, 32198000000.0]
[-1.385964051660304, -2.9866807308694927, 0.00101291145825239, 32232000000.0]
[-1.3531239642105204, -2.9955142948498743, 0.0010285444640463083, 32266000000.0]
[-1.3208524909344397, -3.0061437051894964, 0.0011123788837627791, 32300000000.0]
[-1.289244018243634, -3.018561846475289, 0.0012510956208871703, 32334000000.0]
[-1.258319356648147, -3.0327416532104623, 0.0013528336197141254, 32368000000.0]
[-1.2281499266056004, -3.048625684691131, 0.0013727813191560807, 32402000000.0]
[-1.1988568939406363, -3.0661390534917423, 0.0013030665606954014, 32436000000.0]
[-1.1705599269576101, -3.085195378319683, 0.0011465665289274092, 32470000000.0]
[-1.1433663691692926, -3.105749221923727, 0.0009787099055451757, 32504000000.0]
[-1.1174202363659473, -3.1277307891427033, 0.0008662126457892796, 32538000000.0]
[-1.0927912080481512, -3.1511063072925687, 0.0008194953315297216, 32572000000.0]
[-1.0695375309901383, -3.1758426807791578, 0.0008399259873893117, 32606000000.0]
[-1.0477388342385128, -3.2018669342164694, 0.0009243809393592243, 32640000000.0]
[-1.0274165088686809, -3.2291392080241725, 0.00101784893831486, 32674000000.0]
[-1.0085995201879103, -3.2575745986637488, 0.0010647909012155992, 32708000000.0]
[-0.9913599235072412, -3.287039179622948, 0.0010569231119318318, 32742000000.0]
[-0.9757438309730476, -3.3174376654405657, 0.0009823919004159924, 32776000000.0]
[-0.9618393810210657, -3.3486066994225907, 0.0008707777440852505, 32810000000.0]
[-0.9497274148123881, -3.3804306682263126, 0.0007942762935684094, 32844000000.0]
[-0.9394468106085109, -3.412874780958216, 0.0007710887955370825, 32878000000.0]
[-0.9310590695566116, -3.4458151050618198, 0.0008115665097091418, 32912000000.0]
[-0.9245888401695385, -3.4791642720356637, 0.0009170871376799293, 32946000000.0]
[-0.9200524979321106, -3.512882867925392, 0.0010571754516936016, 32980000000.0]
[-0.917451817218512, -3.54686063167936, 0.0011560032536166865, 33014000000.0]
[-0.9167704273174765, -3.580978050205646, 0.0011906109302377513, 33048000000.0]
[-0.918000194272732, -3.6151233148845594, 0.0011453910097030907, 33082000000.0]
[-0.9211396265273598, -3.6490878088185266, 0.0010415432979122617, 33116000000.0]
[-0.9262050076661875, -3.6827358623613207, 0.000966152086018402, 33150000000.0]
[-0.9332174597146742, -3.7159783091745435, 0.0009506249080629567, 33184000000.0]
[-0.9421736110166435, -3.74868932496147, 0.001002751738084478, 33218000000.0]
[-0.9530632374781688, -3.7807784741983737, 0.0011269737815505208, 33252000000.0]
[-0.9658773689193756, -3.8121971618413877, 0.0012913206138347945, 33286000000.0]
[-0.980565945980821, -3.8428701250333903, 0.0014124450773804595, 33320000000.0]
[-0.9970489324829593, -3.87269794180577, 0.001439846745496482, 33354000000.0]
[-1.0152525362095415, -3.901581457238258, 0.001357643238353988, 33388000000.0]
[-1.035054364923878, -3.9293289902851645, 0.001198342498341592, 33422000000.0]
[-1.056413703810869, -3.95583686689505, 0.0010707734602479954, 33456000000.0]
[-1.0792637809897614, -3.9809635752491586, 0.0010028292907355168, 33490000000.0]
[-1.1035605331339797, -4.004635532227723, 0.001004739586115723, 33524000000.0]
[-1.1292520706340625, -4.026787203122971, 0.0010790592214801867, 33558000000.0]
[-1.1562727720222843, -4.047362143384958, 0.0011838976428662285, 33592000000.0]
[-1.1845474228429789, -4.06632123007846, 0.0012408837989247134, 33626000000.0]
[-1.2139607387004758, -4.083627531046379, 0.0012269934445633803, 33660000000.0]
[-1.2443559385400313, -4.099199904322915, 0.00113116499788078, 33694000000.0]
[-1.2755804147021623, -4.112959288308229, 0.0009737412149080317, 33728000000.0]
[-1.3075248841586962, -4.124847117449482, 0.0008489996581033143, 33762000000.0]
[-1.3400600820147612, -4.134771871960312, 0.0007806117021775885, 33796000000.0]
[-1.3731058730898498, -4.142693649392983, 0.0007769973501449288, 33830000000.0]
[-1.4065794619376624, -4.148585935906324, 0.0008404939137588146, 33864000000.0]
[-1.440350587940754, -4.152425254815393, 0.000971586703380577, 33898000000.0]
[-1.4743371094425088, -4.154199344506722, 0.001100282498473584, 33932000000.0]
[-1.5084376914424447, -4.153922684181402, 0.0011692795427863973, 33966000000.0]
[-1.5424938364161507, -4.151610758565347, 0.0011613446754598913, 34000000000.0]
[-1.5763138648150565, -4.147285396036708, 0.0010860529584283691, 34034000000.0]
[-1.6097919063785495, -4.140928826882302, 0.0010185243169716328, 34068000000.0]
[-1.6427217398988092, -4.132553109581481, 0.0010040141864700123, 34102000000.0]
[-1.6750245836767639, -4.122150639668128, 0.0010497944213586127, 34136000000.0]
[-1.7065575259276984, -4.109751584324765, 0.0011641814092872543, 34170000000.0]
[-1.737209744724803, -4.0953679660152424, 0.0013488636935480515, 34204000000.0]
[-1.7669497172601667, -4.079014711265741, 0.0015389764432433084, 34238000000.0]
[-1.7956861701579536, -4.060808437378762, 0.0016465550421654726, 34272000000.0]
[-1.8233001644164077, -4.040821653926618, 0.001631873827131176, 34306000000.0]
[-1.8496812476651792, -4.019165319925871, 0.0014870054299323632, 34340000000.0]
[-1.8746409192724018, -3.995976676197011, 0.001287680296101133, 34374000000.0]
[-1.8980506354592388, -3.971334558357713, 0.001124985344979626, 34408000000.0]
[-1.9198290295461595, -3.945290114128797, 0.0010214874818661054, 34442000000.0]
[-1.939866532186499, -3.9179483943217557, 0.0009876595136223052, 34476000000.0]
[-1.9580814624947203, -3.889390883576608, 0.00102985768076832, 34510000000.0]
[-1.9744320835467515, -3.85967193014271, 0.0011412910685502813, 34544000000.0]
[-1.9888737376260013, -3.8289027734498124, 0.0012399533047085143, 34578000000.0]
[-2.001380745846516, -3.7972078502671947, 0.001278520908699422, 34612000000.0]
[-2.0119245286442657, -3.764727724867896, 0.001242147748771167, 34646000000.0]
[-2.0204461577987614, -3.7316598322492243, 0.001119194533415261, 34680000000.0]
[-2.026908665341585, -3.698149634617428, 0.0009509063860927402, 34714000000.0]
[-2.0312513680448, -3.664358754635662, 0.0008162881889933995, 34748000000.0]
[-2.0334271384568674, -3.630429407747631, 0.0007393714450979996, 34782000000.0]
[-2.033412545428285, -3.5964754769903733, 0.0007329072613055256, 34816000000.0]
[-2.0312013082987543, -3.562588071181629, 0.0008006364176951422, 34850000000.0]
[-2.02679360858947, -3.528911641338986, 0.0009391396971750524, 34884000000.0]
[-2.0201924243091347, -3.495567259223384, 0.0011025934429979489, 34918000000.0]
[-2.0114525532812104, -3.4626335304073175, 0.0012103037496635377, 34952000000.0]
[-2.0006236628571377, -3.430269341905333, 0.0012356344460128792, 34986000000.0]
[-1.9877799425506473, -3.39865809967528, 0.0011812073409136208, 35020000000.0]
[-1.972974808050866, -3.367993859611738, 0.001106253069744252, 35054000000.0]
[-1.956245391529862, -3.3384330367355894, 0.0010759030264487967, 35088000000.0]
[-1.937633697865229, -3.3100903360696337, 0.0010996962706738963, 35122000000.0]
[-1.9171863189063933, -3.2830674430415607, 0.0011835951810559753, 35156000000.0]
[-1.8949941950123446, -3.2575068441342436, 0.0013286445147216578, 35190000000.0]
[-1.8711142509168186, -3.2334949737636403, 0.001539708977616207, 35224000000.0]
[-1.8456114582388827, -3.2110911087253142, 0.0017262598582468516, 35258000000.0]
[-1.818610073375421, -3.1903571807040567, 0.0017965435934677422, 35292000000.0]
[-1.7902539559462773, -3.171363357550784, 0.0017272603353344165, 35326000000.0]
[-1.7607403508322084, -3.1542363652274057, 0.0015280664666117091, 35360000000.0]
[-1.7302448312465648, -3.1390860169821164, 0.0013059779426993355, 35394000000.0]
[-1.6988582881323973, -3.125999668202646, 0.001123829672285383, 35428000000.0]
[-1.666722902172659, -3.115064324908076, 0.0009962355958684213, 35462000000.0]
[-1.6339658766895153, -3.106344553235491, 0.000940481606966953, 35496000000.0]
[-1.600686249947684, -3.099856943226799, 0.0009643190030402097, 35530000000.0]
[-1.5670279514257497, -3.0956509646933643, 0.0010680452988086455, 35564000000.0]
[-1.5330788823053856, -3.0937239773717793, 0.001178392967035956, 35598000000.0]
[-1.4989773838237057, -3.0940540881263305, 0.0012360930982156285, 35632000000.0]
[-1.464927040586383, -3.0966167517672374, 0.0012296254267828623, 35666000000.0]
[-1.4310893278357362, -3.101391986949406, 0.0011451349827603376, 35700000000.0]
[-1.3976335266794144, -3.1083519264988753, 0.0009919540491357516, 35734000000.0]
[-1.3647907404918909, -3.1174738053897837, 0.0008564275625833959, 35768000000.0]
[-1.3327264971637127, -3.128749253782787, 0.0007683526757672533, 35802000000.0]
[-1.3015503579729062, -3.1421672770176876, 0.0007352941020368945, 35836000000.0]
[-1.2714254894439858, -3.1576796736006956, 0.0007647291562774349, 35870000000.0]
[-1.242490275058672, -3.1752277346523496, 0.0008633421922982951, 35904000000.0]
[-1.2148460397977725, -3.1947756307899335, 0.0010324343606313367, 35938000000.0]
[-1.188634912965525, -3.2162247299953157, 0.0012636394204200427, 35972000000.0]
[-1.163885479270883, -3.2395188836796267, 0.0014628530010107753, 36006000000.0]
[-1.1407264317262311, -3.264509253056947, 0.001557609203488934, 36040000000.0]
[-1.1192687811356292, -3.2910280493728283, 0.0015237222044156423, 36074000000.0]
[-1.0996500582218056, -3.318911174472483, 0.0014023530226422772, 36108000000.0]
[-1.082026029092085, -3.3479962718829466, 0.0012842312256676014, 36142000000.0]
[-1.066496311280568, -3.378170203529861, 0.0011971011559053376, 36176000000.0]
[-1.0531337097973525, -3.4093339331307764, 0.0011535861092659256, 36210000000.0]
[-1.0420227560507318, -3.441328311558205, 0.0011656710156480192, 36244000000.0]
[-1.033228634294488, -3.4739983186136656, 0.0012534082537207687, 36278000000.0]
[-1.0267776408657918, -3.5072579444920846, 0.0014157896698542853, 36312000000.0]
[-1.022692568372788, -3.5409667362687762, 0.001568729389421381, 36346000000.0]
[-1.0209647094899132, -3.574977285422209, 0.0016261394854370059, 36380000000.0]
[-1.0215637390539463, -3.609113064984811, 0.0015722020213128761, 36414000000.0]
[-1.0244748357807134, -3.6431498086495293, 0.0013911821019105997, 36448000000.0]
[-1.0296861523378493, -3.6768348319294493, 0.0011550781573404574, 36482000000.0]
[-1.0372115555232113, -3.7100064158853883, 0.0009511077299991301, 36516000000.0]
[-1.0470406796034841, -3.7424833865876144, 0.000798067556270183, 36550000000.0]
[-1.0591587857744882, -3.7741403072245476, 0.0007024269504624011, 36584000000.0]
[-1.073514720228991, -3.804796319705732, 0.0006711434124486115, 36618000000.0]
[-1.0900463444334567, -3.8342911339235166, 0.0007085128278806814, 36652000000.0]
[-1.108693215497077, -3.8624942829394513, 0.0008196814060792171, 36686000000.0]
[-1.1293540012924157, -3.8892335001548353, 0.0010072041061036984, 36720000000.0]
[-1.151946062374351, -3.914392670086677, 0.0012628151235484536, 36754000000.0]
[-1.176407409599606, -3.937919649938155, 0.0015063789593755203, 36788000000.0]
[-1.2025711398884797, -3.9597184749153493, 0.0016495726109798637, 36822000000.0]
[-1.2302513868061955, -3.9796668719713795, 0.0016626142157570418, 36856000000.0]
[-1.2592679993370537, -3.9976470133693343, 0.0015301858414146314, 36890000000.0]
[-1.2894217048094934, -4.013540925143733, 0.0013511223441756775, 36924000000.0]
[-1.3205494999222729, -4.027198755301209, 0.001183197021658155, 36958000000.0]
[-1.3525387080873814, -4.0385504104178045, 0.0010384558035301985, 36992000000.0]
[-1.385230291386164, -4.047527010711991, 0.0009312831347079824, 37026000000.0]
[-1.4184657951840676, -4.054068051077839, 0.0008849714124741303, 37060000000.0]
[-1.4520885154723202, -4.058120610211726, 0.0009152981753464244, 37094000000.0]
[-1.485889981779516, -4.059674832527947, 0.0010300713987294865, 37128000000.0]
[-1.5196883464205826, -4.0587124204540945, 0.0012364353121228722, 37162000000.0]
[-1.553436652949713, -4.055200255327237, 0.0014693383696203612, 37196000000.0]
[-1.5869381238128815, -4.049230619208943, 0.001620345583639757, 37230000000.0]
[-1.6200033881580924, -4.040849280441832, 0.0016587386997008952, 37264000000.0]
[-1.6524486829013203, -4.030126011887097, 0.0015592227745843173, 37298000000.0]
[-1.6840073198190013, -4.017149364427088, 0.0013523763065119913, 37332000000.0]
[-1.7144573073553762, -4.001973396767978, 0.0011513480843324886, 37366000000.0]
[-1.7436534220390771, -3.984633950319725, 0.0009708880233458739, 37400000000.0]
[-1.7714230309824663, -3.9652061299509938, 0.0008217170735836389, 37434000000.0]
[-1.7976156216689365, -3.9437750497159345, 0.0007172973068716897, 37468000000.0]
[-1.8221060562515583, -3.920427080123512, 0.0006720873494425061, 37502000000.0]
[-1.8447307335465692, -3.895307058337381, 0.0006942451381404828, 37536000000.0]
[-1.865359123446184, -3.8685476674679964, 0.0007898364970455786, 37570000000.0]
[-1.883873568211398, -3.8402891374212733, 0.0009602142818642617, 37604000000.0]
[-1.9001394489127232, -3.8107107665753803, 0.001205702849751689, 37638000000.0]
[-1.9140977939412782, -3.7799038539502923, 0.0015048252267367585, 37672000000.0]
[-1.9257330570331401, -3.747980260902884, 0.0017338199878047281, 37706000000.0]
[-1.9350065122906799, -3.715186421067336, 0.0018388954620735783, 37740000000.0]
[-1.941879278518176, -3.681743766037494, 0.0017962694369097558, 37774000000.0]
[-1.9463045532979784, -3.6479014936048575, 0.0016167383637553424, 37808000000.0]
[-1.9482291502867775, -3.613900096597552, 0.0014019118438485564, 37842000000.0]
[-1.947608171041625, -3.5799406744592166, 0.0011943718972246152, 37876000000.0]
[-1.9444244369210029, -3.5461509784156546, 0.0010067212515814218, 37910000000.0]
[-1.9386763304854622, -3.512768045819806, 0.000861785091870123, 37944000000.0]
[-1.9303743385331247, -3.479957826900663, 0.000770219404478317, 37978000000.0]
[-1.9195594868860082, -3.4479350611753197, 0.0007512719327413375, 38012000000.0]
[-1.906283179265384, -3.416884699973631, 0.0008087790035581885, 38046000000.0]
[-1.890609461272371, -3.38698229571939, 0.0009416090473703056, 38080000000.0]
[-1.8726369981484987, -3.358445862750181, 0.001151534538756017, 38114000000.0]
[-1.8524261454850017, -3.3313769064116427, 0.001430348148305837, 38148000000.0]
[-1.8300568093435507, -3.305881549214617, 0.001669809317465416, 38182000000.0]
[-1.8057175872865026, -3.282061929665505, 0.001780770204811276, 38216000000.0]
[-1.7796215242643967, -3.2600976578160537, 0.0017393698809932542, 38250000000.0]
[-1.7519602537164167, -3.240132805074805, 0.001578224033076007, 38284000000.0]
[-1.722949076048931, -3.2223714351816852, 0.0013947534730389768, 38318000000.0]
[-1.6927255302857616, -3.2069257652483287, 0.0012105468923291952, 38352000000.0]
[-1.661424528921747, -3.1938942769752505, 0.0010359350859285165, 38386000000.0]
[-1.6292458235866691, -3.183376885519615, 0.0008931272065585849, 38420000000.0]
[-1.5963531248858058, -3.175433578935115, 0.0007982388880828052, 38454000000.0]
[-1.5629307033864444, -3.1701212923623303, 0.0007700847434093147, 38488000000.0]
[-1.5292140867045327, -3.167488119616881, 0.0008213044591304164, 38522000000.0]
[-1.495400608178193, -3.16754099033454, 0.0009606224559579685, 38556000000.0]
[-1.4616604558454835, -3.1702806602064006, 0.0011906980100769738, 38590000000.0]
[-1.4281488786098606, -3.175717999484288, 0.0014531579799324408, 38624000000.0]
[-1.3950562670458604, -3.1837445184519564, 0.0016374444319498368, 38658000000.0]
[-1.3625786501679713, -3.1943090529217137, 0.001707351626872998, 38692000000.0]
[-1.3309638940793582, -3.2073101736821514, 0.0016354032918991955, 38726000000.0]
[-1.3004536129965298, -3.2226428200832324, 0.0014216144518380605, 38760000000.0]
[-1.2712720866260574, -3.240235401530002, 0.0011834624336880854, 38794000000.0]
[-1.2436345684222325, -3.259991031893689, 0.0009470174311467408, 38828000000.0]
[-1.2177101907555303, -3.2818221826809397, 0.0007210025411419596, 38862000000.0]
[-1.193633333653402, -3.3056437235328193, 0.0005129432253343842, 38896000000.0]
[-1.1715845978407613, -3.331296578524456, 0.00033903284253732443, 38930000000.0]
[-1.1516920365165355, -3.3586499227175914, 0.00021626974802386355, 38964000000.0]
[-1.1341031193735007, -3.3875144442450003, 0.00015746770938903105, 38998000000.0]
[-1.1189380888963845, -3.4177017368701517, 0.00016616275064206264, 39032000000.0]
[-1.106288764800372, -3.4490430364129088, 0.00024697284461781496, 39066000000.0]
[-1.096257787804242, -3.4812990016214824, 0.00040499798188435115, 39100000000.0]
[-1.0889210008276873, -3.5142440460550786, 0.0006394897536263407, 39134000000.0]
[-1.0843317848778375, -3.5476838499872274, 0.0009544740866303306, 39168000000.0]
[-1.0825283172919873, -3.581406155922997, 0.0013504363507387458, 39202000000.0]
[-1.083521291387189, -3.615268461449573, 0.0017426971110384294, 39236000000.0]
[-1.0872343403781264, -3.6490961218793756, 0.0020147166687156806, 39270000000.0]
[-1.0936268399047238, -3.6826136834182077, 0.0021385093741206353, 39304000000.0]
[-1.102628063899644, -3.715570541983536, 0.002093583314259907, 39338000000.0]
[-1.114162822582375, -3.747649816959307, 0.001900028516377702, 39372000000.0]
[-1.1281780923564857, -3.7786054933490063, 0.0016444183577515189, 39406000000.0]
[-1.144630536888823, -3.8082614222134024, 0.0013459683376336145, 39440000000.0]
[-1.1634311426428599, -3.836407333382528, 0.0010205679311383732, 39474000000.0]
[-1.1844761327561326, -3.8628587682273174, 0.000689103407739262, 39508000000.0]
[-1.2076532932489328, -3.8874568377511456, 0.00037537759139693395, 39542000000.0]
[-1.2327894948320763, -3.910000797135507, 0.00010489869367409519, 39576000000.0]
[-1.2597319319499067, -3.930353018121507, -9.020728562364386e-05, 39610000000.0]
[-1.2882946646483282, -3.9483560803251585, -0.00021116305161454057, 39644000000.0]
[-1.318262343405392, -3.9638799165576613, -0.00025465448163166304, 39678000000.0]
[-1.3494205942140576, -3.9768001668664477, -0.00021483077994912636, 39712000000.0]
[-1.381563203502933, -3.9870268167035703, -9.231787486403644e-05, 39746000000.0]
[-1.4144369058583108, -3.9944692282424, 0.00011777655075498942, 39780000000.0]
[-1.4478812034790585, -3.99910737659435, 0.00041713793604674027, 39814000000.0]
[-1.4817025417545215, -4.000888361893012, 0.0007968179406276265, 39848000000.0]
[-1.515652002814626, -3.9998429038578673, 0.0011950218279689262, 39882000000.0]
[-1.5495065907700012, -3.996009926446618, 0.001511035933411476, 39916000000.0]
[-1.5830330592674258, -3.989453434387741, 0.0016920062876126004, 39950000000.0]
[-1.6159130217489974, -3.9802361729918165, 0.0017131988800844463, 39984000000.0]
[-1.6478459586822152, -3.968411385858155, 0.0016519676197801268, 40018000000.0]
[-1.6786225827816064, -3.9540274169216283, 0.0015326526688060305, 40052000000.0]
[-1.708017332211018, -3.9371540880104177, 0.0013549052741242708, 40086000000.0]
[-1.7358325351657433, -3.9178861134721203, 0.001123459641053485, 40120000000.0]
[-1.7618838001948223, -3.8963333973687435, 0.0008474772240028388, 40154000000.0]
[-1.785970001037743, -3.872644534501907, 0.0005571470053313695, 40188000000.0]
[-1.807914601833575, -3.846982166734613, 0.0003402152030164508, 40222000000.0]
[-1.566076300170142, -4.006945409611505, 0.000801606588980627, 40256000000.0]
[-1.5995341661145017, -4.0002245586181395, 0.00024380200638152882, 40290000000.0]
[-1.6323791995354604, -3.990828205377112, -3.723618057406432e-05, 40324000000.0]
[-1.6643510868293838, -3.978831712312214, -0.0001016329665785225, 40358000000.0]
[-1.695230057131076, -3.964249263446897, 2.2611960262701885e-05, 40392000000.0]
[-1.7248033284152124, -3.947173454265282, 0.0003077193887436195, 40426000000.0]
[-1.7528882492842721, -3.9277480073834052, 0.0007209157349870041, 40460000000.0]
[-1.7792927732578976, -3.906091162990426, 0.001232483039619347, 40494000000.0]
[-1.8038266929635065, -3.8823349320405955, 0.0018082598564892435, 40528000000.0]
[-1.8263231159038529, -3.856640859211897, 0.002416495862301881, 40562000000.0]
[-1.84663267830161, -3.8291853132804556, 0.003028006676579131, 40596000000.0]
[-1.864614828368313, -3.8001513235316215, 0.003614484754426789, 40630000000.0]
[-1.8801360887460583, -3.769729924316464, 0.004148353874600651, 40664000000.0]
[-1.893087757849111, -3.73812888687552, 0.004603355667821077, 40698000000.0]
[-1.9033854615684553, -3.7055657816988914, 0.0049587100101376735, 40732000000.0]
[-1.9109489883428161, -3.672260810973359, 0.005192315653790396, 40766000000.0]
[-1.9157796287255435, -3.6385925720158743, 0.005288353972862222, 40800000000.0]
[-1.917715418764052, -3.6045432241571893, 0.005198667617748447, 40834000000.0]
[-1.9166988434717727, -3.5704465563454826, 0.004840253383197861, 40868000000.0]
[-1.9128286018527931, -3.53650026750847, 0.004158173836174044, 40902000000.0]
[-1.9061470722555678, -3.502996826001044, 0.003142129253360613, 40936000000.0]
[-1.8966882180810005, -3.470263505522102, 0.0017907515647709034, 40970000000.0]
[-1.8844816993325206, -3.4385117953221265, 0.00029376907234523916, 41004000000.0]
[-1.8695864444092936, -3.407925773630084, -0.0011839937845121301, 41038000000.0]
[-1.8521185408295833, -3.378757312747953, -0.002600199474935628, 41072000000.0]
[-1.8322007480357971, -3.351220751223978, -0.003909527118703744, 41106000000.0]
[-1.8099622445232657, -3.3255060577089326, -0.005071262727054142, 41140000000.0]
[-1.7855814393342864, -3.3018281069964566, -0.006041850539985708, 41174000000.0]
[-1.759221284746433, -3.2803522409550347, -0.006783055699067559, 41208000000.0]
[-1.7311250545241976, -3.2612804129220163, -0.00726485744690344, 41242000000.0]
[-1.7015490888914375, -3.244821973980278, -0.007516830753800387, 41276000000.0]
[-1.6706110108081467, -3.230983668389914, -0.007571769459009935, 41310000000.0]
[-1.63846891114701, -3.219906401252398, -0.007431328664116117, 41344000000.0]
[-1.6053156181283188, -3.2116516090131184, -0.0071387335170614435, 41378000000.0]
[-1.5714728444688297, -3.206223817954747, -0.006734538468096614, 41412000000.0]
[-1.5372691974751944, -3.2036400437021832, -0.006248954532683221, 41446000000.0]
[-1.5029536496958735, -3.20392673433913, -0.005709146840225281, 41480000000.0]
[-1.4687970440063682, -3.207112906013757, -0.0051351386780938545, 41514000000.0]
[-1.4350377889826962, -3.21312984043523, -0.004549016638472318, 41548000000.0]
[-1.4019099310396697, -3.2219694364624036, -0.003976836291864337, 41582000000.0]
[-1.3696709009253738, -3.2335781187398642, -0.0034397922935317372, 41616000000.0]
[-1.3385476155361962, -3.247879241252879, -0.002959931928731752, 41650000000.0]
[-1.3087422591170277, -3.2647849672200193, -0.002559169580612286, 41684000000.0]
[-1.2805188405371932, -3.284149948373735, -0.00225627147719302, 41718000000.0]
[-1.2541371300092192, -3.305823554778619, -0.002055425143726898, 41752000000.0]
[-1.2298397772385696, -3.329664437259803, -0.001933521390880897, 41786000000.0]
[-1.2077790622940208, -3.355554184583175, -0.0018338971436819976, 41820000000.0]
[-1.1881083297670896, -3.3833190601674166, -0.0017021832752997783, 41854000000.0]
[-1.1709929989376926, -3.4127289853184735, -0.0014984027584467796, 41888000000.0]
[-1.1565686933762422, -3.443551044389366, -0.0011884142007880663, 41922000000.0]
[-1.1449379132090913, -3.4755687627552523, -0.0007392524425156534, 41956000000.0]
[-1.1362062023538975, -3.5084899437806523, -0.00012028883968164057, 41990000000.0]
[-1.1304458631274739, -3.542034773988849, 0.0006731840287190554, 42024000000.0]
[-1.1277270774375334, -3.5758739046020587, 0.001583888724577873, 42058000000.0]
[-1.1281076459525259, -3.609749963280576, 0.002514030035986829, 42092000000.0]
[-1.131610092801957, -3.6434987036184676, 0.0034177218971139832, 42126000000.0]
[-1.1381737659242626, -3.6769481712271075, 0.004236478714746407, 42160000000.0]
[-1.1476941402115672, -3.709763484843946, 0.0049313609782045, 42194000000.0]
[-1.1600848966529635, -3.7416757962840106, 0.0054671991979419, 42228000000.0]
[-1.1752187093350464, -3.7723609818806185, 0.00581746505362686, 42262000000.0]
[-1.1929714652644126, -3.801537963764845, 0.005962790994861349, 42296000000.0]
[-1.2132158405299658, -3.8289525925204337, 0.005890738217343015, 42330000000.0]
[-1.235803505278166, -3.8543477172320557, 0.005605359155358534, 42364000000.0]
[-1.2605740863531207, -3.877508545958799, 0.005121973265586595, 42398000000.0]
[-1.2873592226486794, -3.898253242908319, 0.004455089915483668, 42432000000.0]
[-1.3159277395172975, -3.916383994674015, 0.0036227138424007187, 42466000000.0]
[-1.3460364712953354, -3.9317345023457007, 0.002647956313234284, 42500000000.0]
[-1.3774528606351222, -3.944176982801716, 0.0016090222915739352, 42534000000.0]
[-1.4098846031162238, -3.953585420963181, 0.0005899165966232331, 42568000000.0]
[-1.4430430454669074, -3.959868413265192, -0.00033654492601276086, 42602000000.0]
[-1.476650148570163, -3.9629675830177855, -0.0011445931887883916, 42636000000.0]
[-1.510398713835588, -3.9628528661668883, -0.0018292032027955518, 42670000000.0]
[-1.5440577376747262, -3.9595313121137066, -0.002385650400794105, 42704000000.0]
[-1.5774114649187894, -3.9530237591969666, -0.0028390567957758375, 42738000000.0]
[-1.6101331918876223, -3.9434598334390256, -0.0032250980487620053, 42772000000.0]
[-1.6419201972572868, -3.930947471531479, -0.003569569307832526, 42806000000.0]
[-1.6725036058296403, -3.915592535959107, -0.0038998202602763513, 42840000000.0]
[-1.701560644820614, -3.897574002853965, -0.004235415532443895, 42874000000.0]
[-1.728820757612121, -3.8770231861819457, -0.004584938896258218, 42908000000.0]
[-1.7540110862424012, -3.8541176096728536, -0.004942641401120491, 42942000000.0]
[-1.7768859270406694, -3.8290374049198133, -0.005294772128148467, 42976000000.0]
[-1.797245198024548, -3.801968436590975, -0.005636849067373772, 43010000000.0]
[-1.8149194773433144, -3.773107111430051, -0.005964055217199416, 43044000000.0]
[-1.8297336972569167, -3.7427151124504565, -0.006267533850452322, 43078000000.0]
[-1.8415521438986027, -3.7110473517226596, -0.0065394532589029605, 43112000000.0]
[-1.8502534906564916, -3.6784021723636524, -0.006764699962133592, 43146000000.0]
[-1.8557517676194093, -3.645084473616369, -0.006929730660187146, 43180000000.0]
[-1.857994368965245, -3.6113770074391494, -0.007023987584300603, 43214000000.0]
[-1.8569559538990874, -3.577610858485457, -0.007041678432395239, 43248000000.0]
[-1.8526427587203358, -3.544121537091717, -0.0069831824711518225, 43282000000.0]
[-1.8450941300615447, -3.5111946534344067, -0.006851210378115568, 43316000000.0]
[-1.8343727712415463, -3.4791893664950457, -0.0066522030028451406, 43350000000.0]
[-1.8205788129591658, -3.4484107440238714, -0.006392228328116321, 43384000000.0]
[-1.8038266468749806, -3.4191303905100754, -0.006078522336184554, 43418000000.0]
[-1.7842829505850364, -3.3916559621124844, -0.005717334302579635, 43452000000.0]
[-1.7621282004856527, -3.3662453418631215, -0.005310997765772891, 43486000000.0]
[-1.7375641013027638, -3.3431355020683164, -0.004869333921831856, 43520000000.0]
[-1.7108426063015323, -3.322570920993103, -0.004394548034016111, 43554000000.0]
[-1.6822214171994299, -3.304755404122288, -0.0038781820744252992, 43588000000.0]
[-1.651955807239206, -3.2898506968815315, -0.00331575546375516, 43622000000.0]
[-1.6203629297206643, -3.278017637524147, -0.002697141881821247, 43656000000.0]
[-1.587755168553142, -3.269374146280516, -0.002016466890892548, 43690000000.0]
[-1.5544227580040086, -3.2639990515224997, -0.0012664430592442513, 43724000000.0]
[-1.520713932777954, -3.261950899318159, -0.00043793128832182683, 43758000000.0]
[-1.4869683499474162, -3.263249282954143, 0.00046908289344380045, 43792000000.0]
[-1.45351393923705, -3.267878693297872, 0.0014109412850021928, 43826000000.0]
[-1.420722418978075, -3.2758008526644193, 0.002270501432746783, 43860000000.0]
[-1.3889186527728625, -3.2869503403159457, 0.003006918509079331, 43894000000.0]
[-1.358383238645175, -3.3012379821740088, 0.0035957162954223425, 43928000000.0]
[-1.3294512049616025, -3.3185299388102543, 0.004022491286474966, 43962000000.0]
[-1.3023821726939795, -3.338650624497507, 0.004293262579355524, 43996000000.0]
[-1.2774738519639355, -3.3613891236996367, 0.004411142476294889, 44030000000.0]
[-1.2549843007438433, -3.386510560406588, 0.004379550601315402, 44064000000.0]
[-1.2351227972359031, -3.413788607594935, 0.004204454570117134, 44098000000.0]
[-1.2180965416412242, -3.4429431656671134, 0.0038926043033018854, 44132000000.0]
[-1.2040876504623943, -3.4736471293012983, 0.0034515933370186775, 44166000000.0]
[-1.1931994394264436, -3.505678224331297, 0.0028754663111969394, 44200000000.0]
[-1.1855770255553273, -3.5386101499376696, 0.0021995347916983076, 44234000000.0]
[-1.1812921980911766, -3.5721214785437607, 0.0015270358735071478, 44268000000.0]
[-1.180402342742023, -3.605892148168452, 0.0009194581261865231, 44302000000.0]
[-1.182920996151427, -3.639550076309481, 0.00040439928090194233, 44336000000.0]
[-1.1888364428796823, -3.6728094566779417, -1.6504061603774524e-05, 44370000000.0]
[-1.1980893064460856, -3.7053270953488813, -0.000351947554681117, 44404000000.0]
[-1.2105719711281218, -3.7367831005644256, -0.0006199857167800168, 44438000000.0]
[-1.226154657486329, -3.766883076863806, -0.0008448926025879724, 44472000000.0]
[-1.244672954130576, -3.7953042547309486, -0.0010419430628696817, 44506000000.0]
[-1.2659281763864692, -3.821739328570716, -0.0012196405957387076, 44540000000.0]
[-1.2896966391450806, -3.8458787092634363, -0.0013794527862324274, 44574000000.0]
[-1.31573926105004, -3.8674568069384145, -0.0015192047611539417, 44608000000.0]
[-1.343805376508526, -3.8862510970288677, -0.0016387600153601335, 44642000000.0]
[-1.3736455153927718, -3.9020837690071803, -0.0017348608418859615, 44676000000.0]
[-1.4049299012847043, -3.9147700488856843, -0.0018085138961860365, 44710000000.0]
[-1.4373362773658964, -3.9241749214078063, -0.001860564387940265, 44744000000.0]
[-1.4705521474988816, -3.930201333331577, -0.0018893215747119146, 44778000000.0]
[-1.5042054822688546, -3.932777465544368, -0.0018826208771297967, 44812000000.0]
[-1.5379496774009345, -3.9318753600107597, -0.001823530206075953, 44846000000.0]
[-1.5714449879243244, -3.9275004926807733, -0.0017037332586070577, 44880000000.0]
[-1.604300350784046, -3.9197086194620603, -0.0015132375105620284, 44914000000.0]
[-1.6361483079066388, -3.908566063271053, -0.0012492729328573754, 44948000000.0]
[-1.666664679294441, -3.8941837903390826, -0.0009153547408678812, 44982000000.0]
[-1.695499688688443, -3.876716505577455, -0.0005118855600072476, 45016000000.0]
[-1.7223576141700112, -3.856335067252428, -4.4895886340856046e-05, 45050000000.0]
[-1.7469277319407928, -3.8332656395729936, 0.00048657245964950585, 45084000000.0]
[-1.7689382901436175, -3.8077627410708432, 0.0010366717472693988, 45118000000.0]
[-1.7881559220877847, -3.780086306604795, 0.0015302511095287615, 45152000000.0]
[-1.8043488296431591, -3.750554314486951, 0.0019420540644208726, 45186000000.0]
[-1.8173389324209417, -3.719486438313449, 0.0022481012641676237, 45220000000.0]
[-1.8269812552094755, -3.687215288899455, 0.002428255946619836, 45254000000.0]
[-1.8331614036445507, -3.6541096811837015, 0.0024784868718059913, 45288000000.0]
[-1.835799202849714, -3.620556871802679, 0.0023978996734801616, 45322000000.0]
[-1.8348714449941397, -3.586882784534836, 0.002200847217738155, 45356000000.0]
[-1.8303811764775313, -3.5535050470456997, 0.0019018166465492262, 45390000000.0]
[-1.8223820343565067, -3.5207968809776116, 0.0015300944874180127, 45424000000.0]
[-1.810951149508649, -3.489115986598015, 0.001111525526334851, 45458000000.0]
[-1.7962222320000576, -3.4588434689989747, 0.0006791297251478144, 45492000000.0]
[-1.7783435318155232, -3.4302924042184038, 0.0002751645295207732, 45526000000.0]
[-1.7575313898361804, -3.403830869420719, -4.741614273363856e-05, 45560000000.0]
[-1.7340142769767557, -3.3797464846056156, -0.0002845758281118156, 45594000000.0]
[-1.7080415378747078, -3.3583010657245236, -0.0004431067529468381, 45628000000.0]
[-1.6799276460019645, -3.3397563789098066, -0.0005302265605160887, 45662000000.0]
[-1.6499922118953438, -3.3243244280112556, -0.0005500559709266195, 45696000000.0]
[-1.6185567312752969, -3.3121742540284327, -0.0005093933943089227, 45730000000.0]
[-1.58599727079681, -3.3034588149263344, -0.0004074331351946468, 45764000000.0]
[-1.552668391294174, -3.298273620144768, -0.00025210223062156615, 45798000000.0]
[-1.5189809605150713, -3.296685866218086, -4.933926805934762e-05, 45832000000.0]
[-1.4853141049936764, -3.2987146028908207, 0.00019921659845474935, 45866000000.0]
[-1.452039871777842, -3.3043356947486924, 0.0004860263148345465, 45900000000.0]
[-1.4195810439656973, -3.313489402478653, 0.0007775676847767631, 45934000000.0]
[-1.38833055356543, -3.3260740304552225, 0.0010347391538293644, 45968000000.0]
[-1.358622050671337, -3.3419620913077486, 0.0012260041169796065, 46002000000.0]
[-1.3308176969776762, -3.3609684826137207, 0.0013279731455965499, 46036000000.0]
[-1.3052494178165504, -3.3828706474093906, 0.0013186015607603637, 46070000000.0]
[-1.282198132683949, -3.40743403802315, 0.0012116881083860294, 46104000000.0]
[-1.2619524894569267, -3.434357896676579, 0.0011129416535457027, 46138000000.0]
[-1.2447531971098835, -3.463326355554495, 0.001106048775750617, 46172000000.0]
[-1.2307879707313165, -3.494021509398492, 0.0012140515141617731, 46206000000.0]
[-1.2202466348860452, -3.526031292243854, 0.0013730556046615383, 46240000000.0]
[-1.213253024426072, -3.558982895575582, 0.001510175395701742, 46274000000.0]
[-1.2098963107644125, -3.5925060688687855, 0.001624694487904879, 46308000000.0]
[-1.2102255684374137, -3.6261824321193874, 0.0017254730376142873, 46342000000.0]
[-1.2142410075687704, -3.659607480690179, 0.0018195677386979132, 46376000000.0]
[-1.2218962135433449, -3.692396452030035, 0.0019095770627883622, 46410000000.0]
[-1.2331055364643653, -3.7241334309437915, 0.001998681263138879, 46444000000.0]
[-1.2477457273633663, -3.7544501551111424, 0.002080782588944093, 46478000000.0]
[-1.2656487545690285, -3.782976618397311, 0.002142773933691858, 46512000000.0]
[-1.2866005202142865, -3.809397430898292, 0.0021411583961314525, 46546000000.0]
[-1.3103351435556514, -3.8333897696946218, 0.002071098924007082, 46580000000.0]
[-1.3365322358689729, -3.8546120340589427, 0.0019571778158953895, 46614000000.0]
[-1.3648863664555286, -3.8728066332071576, 0.0018011316697062582, 46648000000.0]
[-1.3950829511025113, -3.8877613754672886, 0.0016064876647817361, 46682000000.0]
[-1.4267385358825144, -3.8992794111359492, 0.0013806511591749485, 46716000000.0]
[-1.45946837878441, -3.907220038161754, 0.0011291196011176557, 46750000000.0]
[-1.4928954037529212, -3.911486787865134, 0.0008586545484420857, 46784000000.0]
[-1.5265803340830435, -3.9120188574529347, 0.0005782531454978693, 46818000000.0]
[-1.5601279122519909, -3.908808696330806, 0.00030381613849944037, 46852000000.0]
[-1.5931371462695538, -3.9018975748831717, 7.855529298845743e-05, 46886000000.0]
[-1.6251533126895652, -3.891367822456163, -8.541210041512068e-05, 46920000000.0]
[-1.6557764115188172, -3.8773484430198892, -0.00018595784792495572, 46954000000.0]
[-1.6846474106858387, -3.859996355230851, -0.00022328661158285676, 46988000000.0]
[-1.7113884417032172, -3.8395306024458202, -0.00019341674908592626, 47022000000.0]
[-1.7356572970342203, -3.816209565261916, -0.00010166065064128596, 47056000000.0]
[-1.757171599092352, -3.790297692949734, 4.9207039626211456e-05, 47090000000.0]
[-1.7756376530769933, -3.762140369764549, 0.00026193251987584613, 47124000000.0]
[-1.7908332051246914, -3.7320709852542375, 0.000525403371473485, 47158000000.0]
[-1.802548655473853, -3.7004947910586043, 0.0007880939275925351, 47192000000.0]
[-1.8106296403602675, -3.6678165139005836, 0.001008814461810584, 47226000000.0]
[-1.8149771023018093, -3.6344177086971365, 0.001171492268622292, 47260000000.0]
[-1.8155249729535237, -3.6007503385185737, 0.0012569964203582472, 47294000000.0]
[-1.8122635017565794, -3.567250277406108, 0.0012515949801827403, 47328000000.0]
[-1.805229261040619, -3.534309660260362, 0.0011619461264076425, 47362000000.0]
[-1.7945123490609347, -3.5023884036560666, 0.0010618115402169172, 47396000000.0]
[-1.7802462127427974, -3.4718932831827245, 0.0010219493686810688, 47430000000.0]
[-1.7626032151344335, -3.443207051681098, 0.0010787317210253235, 47464000000.0]
[-1.7418244882927862, -3.416729072001411, 0.0011891531174268593, 47498000000.0]
[-1.7181587511483505, -3.3927765050707293, 0.0012807249092674099, 47532000000.0]
[-1.691925485306362, -3.371687205781704, 0.001330995157860689, 47566000000.0]
[-1.6634650524993475, -3.353742917514424, 0.001341944015543016, 47600000000.0]
[-1.6331275871746194, -3.3391672968025206, 0.0013126250061520671, 47634000000.0]
[-1.6013242901438283, -3.328164061866171, 0.0012503486020660121, 47668000000.0]
[-1.5684698649130986, -3.320878677993238, 0.0011582759407506515, 47702000000.0]
[-1.5349821654453102, -3.317405970154126, 0.0010360793882544512, 47736000000.0]
[-1.5013193367762565, -3.317796838136117, 0.0008917480546555703, 47770000000.0]
[-1.467920398768142, -3.3220490776414997, 0.0007314987935054247, 47804000000.0]
[-1.4352159651023566, -3.3301059705690497, 0.000558231656273984, 47838000000.0]
[-1.4036773185162397, -3.341867365333791, 0.0003975843226115543, 47872000000.0]
[-1.3737239937014476, -3.3571786244464694, 0.00029469281245427567, 47906000000.0]
[-1.345723793389447, -3.3758572059388454, 0.00025723590148746863, 47940000000.0]
[-1.320077244421041, -3.3976424059568306, 0.0002874155204079708, 47974000000.0]
[-1.2971263173730465, -3.422245551074124, 0.0003873160565358232, 48008000000.0]
[-1.277168067943096, -3.4493529643462773, 0.0005489373828819923, 48042000000.0]
[-1.2604893462000075, -3.4785836039618796, 0.0007346225081984851, 48076000000.0]
[-1.2473105163195595, -3.509548590441717, 0.0008967076509946142, 48110000000.0]
[-1.2378128755492783, -3.541841935093781, 0.0010085683838625629, 48144000000.0]
[-1.2321331541330436, -3.575014349696973, 0.0010588120674831442, 48178000000.0]
[-1.2303522152698074, -3.608616776743216, 0.0010370379530798778, 48212000000.0]
[-1.2324960541569927, -3.6422304073336957, 0.0009692925596598539, 48246000000.0]
[-1.2385311023962415, -3.6753778213045787, 0.0009176624417442557, 48280000000.0]
[-1.2483791096933783, -3.7075804994673125, 0.0009342952068980459, 48314000000.0]
[-1.261916329871604, -3.7384266014313683, 0.001031921546787046, 48348000000.0]
[-1.2789526128055069, -3.767468332276225, 0.0011564033495801691, 48382000000.0]
[-1.2992655359739667, -3.794317083577896, 0.0012481250139665559, 48416000000.0]
[-1.3225719346527403, -3.8185839006563715, 0.0012801682657424597, 48450000000.0]
[-1.3485577395367958, -3.839933446729905, 0.0012501904277721738, 48484000000.0]
[-1.376891515199249, -3.858087441304503, 0.001159000161975324, 48518000000.0]
[-1.4071577152057393, -3.872773442513407, 0.0010038373599894697, 48552000000.0]
[-1.438945764749318, -3.883790421909736, 0.0008170214793883169, 48586000000.0]
[-1.471838651208689, -3.890989656020053, 0.0006658028455884241, 48620000000.0]
[-1.5053634585915006, -3.894268549824383, 0.0006021841231024275, 48654000000.0]
[-1.539058426408259, -3.8935838095058126, 0.0006352114334521716, 48688000000.0]
[-1.5724521282137403, -3.8889437004717426, 0.0007294270816063878, 48722000000.0]
[-1.6050493346496688, -3.8804162043653396, 0.0008344367404178927, 48756000000.0]
[-1.636379824204928, -3.8681082419089443, 0.0009311725594689967, 48790000000.0]
[-1.6660307732193, -3.852176585428353, 0.0010060871120238155, 48824000000.0]
[-1.6935665760764016, -3.832848383524998, 0.0010429842929657034, 48858000000.0]
[-1.718593712533108, -3.810392889238602, 0.0010267437557813475, 48892000000.0]
[-1.7407831387981214, -3.7851028341906843, 0.000948325175390084, 48926000000.0]
[-1.7597983636663155, -3.7573492702534494, 0.0008133406775294146, 48960000000.0]
[-1.7753700413201425, -3.7275214918398696, 0.0006978715976350363, 48994000000.0]
[-1.7872836504807765, -3.696025867311494, 0.000651419649019831, 49028000000.0]
[-1.7953613450373298, -3.6633279415964646, 0.000690009514104016, 49062000000.0]
[-1.7994914430432247, -3.629890733383659, 0.0008269810834187636, 49096000000.0]
[-1.7996181878317028, -3.596192460628354, 0.0010216565021358504, 49130000000.0]
[-1.7957308975865423, -3.5627301864871184, 0.0011915167655303803, 49164000000.0]
[-1.787879528634929, -3.529997185188592, 0.0013241729217416194, 49198000000.0]
[-1.7761605265164633, -3.49844207834891, 0.0014069426898193854, 49232000000.0]
[-1.7607447033175676, -3.4685446559853768, 0.0014260072978460173, 49266000000.0]
[-1.7418502341781414, -3.4407381030386164, 0.0013695079965014498, 49300000000.0]
[-1.7197289518212662, -3.415399905508652, 0.0012329850611749861, 49334000000.0]
[-1.6947161663027925, -3.392921642238085, 0.0010122439503238965, 49368000000.0]
[-1.6671707193916054, -3.373630501139004, 0.0007690608515327191, 49402000000.0]
[-1.6374712789252526, -3.3577941536941065, 0.0005901195873347176, 49436000000.0]
[-1.6060740718800812, -3.3456593697032013, 0.0004979516249813099, 49470000000.0]
[-1.5734312165389335, -3.3373990979086896, 0.00050773981198207, 49504000000.0]
[-1.5400051282012883, -3.3331303394469725, 0.0006172933460200735, 49538000000.0]
[-1.5063151547920715, -3.3329198292891444, 0.0007899040920278633, 49572000000.0]
[-1.4728618435669678, -3.336776983650224, 0.0009645485657669577, 49606000000.0]
[-1.4401145550000516, -3.3446507683547044, 0.001128471516733454, 49640000000.0]
[-1.4085926339020314, -3.356432668340079, 0.0012609775092527794, 49674000000.0]
[-1.3787438341213416, -3.3719602005452076, 0.0013386237011147042, 49708000000.0]
[-1.3510262885580955, -3.39100491957849, 0.0013457099495198955, 49742000000.0]
[-1.3258522300036033, -3.413286170867709, 0.0012663007314701676, 49776000000.0]
[-1.3035787153303504, -3.438494443526787, 0.0010915746558075273, 49810000000.0]
[-1.2845577759703533, -3.466237995200698, 0.0008682789184179102, 49844000000.0]
[-1.2690787069650122, -3.496100941821368, 0.0006961063313791049, 49878000000.0]
[-1.2573562419671385, -3.527670023204543, 0.0006105047317691726, 49912000000.0]
[-1.24957838631501, -3.5604438588453853, 0.0006260620740176026, 49946000000.0]
[-1.2458587018640797, -3.593932280225525, 0.0007514633270406659, 49980000000.0]
[-1.246252508830876, -3.6276264600400254, 0.0009535848555894645, 50014000000.0]
[-1.2507606452786943, -3.6609975400433328, 0.0011487035773484807, 50048000000.0]
[-1.2593212652746257, -3.6935483066150057, 0.001321689440155627, 50082000000.0]
[-1.2718214513029877, -3.7247879816513945, 0.001449578366170564, 50116000000.0]
[-1.2880721271952158, -3.7542231567576643, 0.0015178420041871037, 50150000000.0]
[-1.3078305481400632, -3.7814111662350602, 0.0015095566120100694, 50184000000.0]
[-1.330814885790663, -3.805953915774312, 0.0014124175613453554, 50218000000.0]
[-1.3566591460835424, -3.8274556530828696, 0.001218510017046861, 50252000000.0]
[-1.3849665829397853, -3.8455828322254084, 0.0009357798031181876, 50286000000.0]
[-1.4153339003694203, -3.8600708776811827, 0.0006865370400809834, 50320000000.0]
[-1.4472752326314036, -3.870688258023203, 0.0005176760389402345, 50354000000.0]
[-1.4803249445310396, -3.8772773417979947, 0.0004505318306726684, 50388000000.0]
[-1.5139387872276184, -3.8797293166858604, 0.0004897227726613405, 50422000000.0]
[-1.5475997293706718, -3.8780092568507336, 0.0006347202341577643, 50456000000.0]
[-1.5808040897500348, -3.872140901302149, 0.0008423785945919474, 50490000000.0]
[-1.612996491955477, -3.8622180421634122, 0.0010488867927054008, 50524000000.0]
[-1.6436674502416813, -3.848377892067223, 0.0012311593100049216, 50558000000.0]
[-1.6723640872367576, -3.8308229021122306, 0.0013614628086416464, 50592000000.0]
[-1.698622884108182, -3.8098241326572007, 0.001423852819807289, 50626000000.0]
[-1.7220356156750272, -3.785706217892777, 0.0013988609446654089, 50660000000.0]
[-1.7422459580761767, -3.75882906530005, 0.0012669576975423728, 50694000000.0]
[-1.7589187147177305, -3.7296265295618083, 0.0010406348285080514, 50728000000.0]
[-1.771789437353583, -3.6985572151277624, 0.0008231972459161486, 50762000000.0]
[-1.7806686087132533, -3.6660768469084934, 0.0006877276116737049, 50796000000.0]
[-1.7854102446627038, -3.63272157284786, 0.0006515138765948707, 50830000000.0]
[-1.785941115188357, -3.5990292623225217, 0.0007265074601948477, 50864000000.0]
[-1.7822553456820016, -3.5655058964186854, 0.0009077843799030061, 50898000000.0]
[-1.7744149602059853, -3.532736122969668, 0.0011176342660100035, 50932000000.0]
[-1.7625313915873135, -3.5012377883733437, 0.0012992207508420697, 50966000000.0]
[-1.7467754083599378, -3.471509745626882, 0.001432128801859834, 51000000000.0]
[-1.7273981407311638, -3.4440407054015623, 0.0015004207175006823, 51034000000.0]
[-1.7047008142614266, -3.41926133883122, 0.0014896829365350116, 51068000000.0]
[-1.6790295222497802, -3.3975560538067415, 0.0013853263129833524, 51102000000.0]
[-1.6508108461647744, -3.3792895827116904, 0.0011771649717084462, 51136000000.0]
[-1.6205010632944366, -3.3647622280352834, 0.0008901347888874904, 51170000000.0]
[-1.5885482195969116, -3.354194666628652, 0.0006400091236926317, 51204000000.0]
[-1.555500157050935, -3.347767980003836, 0.0004772475806497899, 51238000000.0]
[-1.5218626778891133, -3.345578358908102, 0.00041775515234182667, 51272000000.0]
[-1.488208323512945, -3.3476649457528893, 0.00046829413509134524, 51306000000.0]
[-1.4550844316032931, -3.353989075763974, 0.0006287664463085477, 51340000000.0]
[-1.4230303351554112, -3.3644520892450402, 0.0008535270332164043, 51374000000.0]
[-1.3926134583266156, -3.3788867041026105, 0.0010631042691765318, 51408000000.0]
[-1.3643208949523151, -3.3970690637158656, 0.0012328899524177406, 51442000000.0]
[-1.3385934701089708, -3.4187257692627226, 0.001336998886964346, 51476000000.0]
[-1.315872624203428, -3.4434949621217763, 0.001355639365392812, 51510000000.0]
[-1.296526561325627, -3.4709761978376212, 0.0012692207727866668, 51544000000.0]
[-1.2808696235515449, -3.5007338067895493, 0.0010695109004856284, 51578000000.0]
[-1.269172108611934, -3.5322679586839283, 0.0008680964592084442, 51612000000.0]
[-1.2616237036164837, -3.5650600063207327, 0.0007396350988292477, 51646000000.0]
[-1.2583421661818963, -3.5985959553618243, 0.000712794083107236, 51680000000.0]
[-1.2593836139759873, -3.6322937125459296, 0.0007988801338388553, 51714000000.0]
[-1.2647264379574525, -3.6655863902856467, 0.0009977857959274812, 51748000000.0]
[-1.274278236269976, -3.6979078195205046, 0.0012319973768346122, 51782000000.0]
[-1.2878919559399284, -3.7286835781881584, 0.0014186782676642617, 51816000000.0]
[-1.3053631792763072, -3.7574290483825314, 0.0015419394735160098, 51850000000.0]
[-1.3263997596579158, -3.7836385134731065, 0.0015809328869663332, 51884000000.0]
[-1.350658000792952, -3.806877647103851, 0.0015243277356326663, 51918000000.0]
[-1.3777502348093504, -3.8267713899112037, 0.0013594238877356367, 51952000000.0]
[-1.4072006764578842, -3.842962901715565, 0.0010843490033449728, 51986000000.0]
[-1.4385195821232941, -3.855179556187136, 0.0008105352731859569, 52020000000.0]
[-1.4711936521051228, -3.8632194632827805, 0.0006103880501982948, 52054000000.0]
[-1.504659712617278, -3.8669456499363415, 0.0005118065427096029, 52088000000.0]
[-1.5383442499749926, -3.866296965988695, 0.00052551081015447, 52122000000.0]
[-1.5716973743188558, -3.8612854270023846, 0.0006514510013930445, 52156000000.0]
[-1.6041085925931213, -3.8520058489244082, 0.000865421071630005, 52190000000.0]
[-1.63499710370855, -3.8386068641459645, 0.0010679590731046782, 52224000000.0]
[-1.663860695804022, -3.821299623916807, 0.001230275503216038, 52258000000.0]
[-1.6901808035688244, -3.8003811416005684, 0.0013237353559258389, 52292000000.0]
[-1.7135257015436691, -3.776187292533331, 0.001325055908584466, 52326000000.0]
[-1.7334743513578152, -3.7491425210760516, 0.001215197909718567, 52360000000.0]
[-1.7496839727891436, -3.7197048011930414, 0.0010057617260385782, 52394000000.0]
[-1.7618863783722598, -3.6883548612948305, 0.0008171860678527565, 52428000000.0]
[-1.7698602693013352, -3.6556576205262146, 0.0007008782722696038, 52462000000.0]
[-1.7734703878828388, -3.622177112306215, 0.0006838968489691375, 52496000000.0]
[-1.7726573532720158, -3.5884707313207587, 0.0007790242580838447, 52530000000.0]
[-1.767438793075745, -3.5551532897687586, 0.000992867862309697, 52564000000.0]
[-1.7579172322521524, -3.52284027927758, 0.0012383176584396657, 52598000000.0]
[-1.7442351743806235, -3.492090507425297, 0.0014236512801651593, 52632000000.0]
[-1.72661923824247, -3.463453763053095, 0.0015373267062658996, 52666000000.0]
[-1.7053747315127683, -3.4374368930321215, 0.0015595396695081603, 52700000000.0]
[-1.6808473582084524, -3.414465378057439, 0.0014711230781596686, 52734000000.0]
[-1.6534886318320048, -3.394973525193025, 0.0012576341203367246, 52768000000.0]
[-1.6237697348150595, -3.379301848631809, 0.0009833626693475307, 52802000000.0]
[-1.5921893732901797, -3.367715351518221, 0.0007535071892140162, 52836000000.0]
[-1.5593348510129343, -3.3604298165865165, 0.0006139996723816554, 52870000000.0]
[-1.5257823999280453, -3.3575690528761557, 0.0005811238203368605, 52904000000.0]
